[2026-06-18 12:24:08] Starting stress cycle 1
[2026-06-18 12:25:30] Latest diagnostics: C:\Users\Benno111\Documents\GitHub\OS-MASTER\diagnostics\iso-stress-20260618-122409
[2026-06-18 12:25:30] Stress cycle 1 completed successfully
[2026-06-18 12:25:30] Sleeping 1 seconds before next cycle
[2026-06-18 12:25:31] Starting stress cycle 2
[2026-06-18 12:26:39] Latest diagnostics: C:\Users\Benno111\Documents\GitHub\OS-MASTER\diagnostics\iso-stress-20260618-122532
[2026-06-18 12:26:39] Stress cycle 2 completed successfully
[2026-06-18 12:26:39] Sleeping 1 seconds before next cycle
[2026-06-18 12:26:40] Starting stress cycle 3
[2026-06-18 12:27:48] Latest diagnostics: C:\Users\Benno111\Documents\GitHub\OS-MASTER\diagnostics\iso-stress-20260618-122641
[2026-06-18 12:27:48] Stress cycle 3 completed successfully
[2026-06-18 12:27:48] Sleeping 1 seconds before next cycle
[2026-06-18 12:27:49] Starting stress cycle 4
[2026-06-18 12:28:59] Latest diagnostics: C:\Users\Benno111\Documents\GitHub\OS-MASTER\diagnostics\iso-stress-20260618-122750
[2026-06-18 12:28:59] Stress cycle 4 completed successfully
[2026-06-18 12:28:59] Sleeping 1 seconds before next cycle
[2026-06-18 12:29:00] Starting stress cycle 5
[2026-06-18 12:29:27] Starting stress cycle 1
[2026-06-18 12:29:44] Latest diagnostics: C:\Users\Benno111\Documents\GitHub\OS-MASTER\diagnostics\iso-stress-20260618-122928
[2026-06-18 12:29:44] Stress cycle 5 failed with exit code 1
[2026-06-18 12:30:39] Latest diagnostics: C:\Users\Benno111\Documents\GitHub\OS-MASTER\diagnostics\iso-stress-20260618-122928
[2026-06-18 12:30:39] Stress cycle 1 completed successfully
[2026-06-18 12:30:39] Reached MaxCycles=1, stopping loop
[2026-06-18 12:30:52] Starting stress cycle 1
[2026-06-18 12:32:53] Latest diagnostics: C:\Users\Benno111\Documents\GitHub\OS-MASTER\diagnostics\iso-stress-20260618-123053
[2026-06-18 12:32:53] Stress cycle 1 completed successfully
[2026-06-18 12:32:53] Sleeping 5 seconds before next cycle
[2026-06-18 12:32:58] Starting stress cycle 2
[2026-06-18 12:34:51] Latest diagnostics: C:\Users\Benno111\Documents\GitHub\OS-MASTER\diagnostics\iso-stress-20260618-123258
[2026-06-18 12:34:51] Stress cycle 2 completed successfully
[2026-06-18 12:34:51] Sleeping 5 seconds before next cycle
[2026-06-18 12:34:56] Starting stress cycle 3
[2026-06-18 12:36:48] Latest diagnostics: C:\Users\Benno111\Documents\GitHub\OS-MASTER\diagnostics\iso-stress-20260618-123457
[2026-06-18 12:36:48] Stress cycle 3 completed successfully
[2026-06-18 12:36:48] Sleeping 5 seconds before next cycle
[2026-06-18 12:36:53] Starting stress cycle 4
[2026-06-18 12:38:46] Latest diagnostics: C:\Users\Benno111\Documents\GitHub\OS-MASTER\diagnostics\iso-stress-20260618-123654
[2026-06-18 12:38:46] Stress cycle 4 completed successfully
[2026-06-18 12:38:46] Sleeping 5 seconds before next cycle
[2026-06-18 12:38:51] Starting stress cycle 5
[2026-06-18 12:40:44] Latest diagnostics: C:\Users\Benno111\Documents\GitHub\OS-MASTER\diagnostics\iso-stress-20260618-123852
[2026-06-18 12:40:44] Stress cycle 5 completed successfully
[2026-06-18 12:40:44] Sleeping 5 seconds before next cycle
[2026-06-18 12:40:49] Starting stress cycle 6
[2026-06-18 12:42:43] Latest diagnostics: C:\Users\Benno111\Documents\GitHub\OS-MASTER\diagnostics\iso-stress-20260618-124050
[2026-06-18 12:42:43] Stress cycle 6 completed successfully
[2026-06-18 12:42:43] Sleeping 5 seconds before next cycle
[2026-06-18 12:42:48] Starting stress cycle 7
[2026-06-18 12:44:39] Latest diagnostics: C:\Users\Benno111\Documents\GitHub\OS-MASTER\diagnostics\iso-stress-20260618-124248
[2026-06-18 12:44:39] Stress cycle 7 completed successfully
[2026-06-18 12:44:39] Sleeping 5 seconds before next cycle
[2026-06-18 12:44:44] Starting stress cycle 8
[2026-06-18 12:46:30] Latest diagnostics: C:\Users\Benno111\Documents\GitHub\OS-MASTER\diagnostics\iso-stress-20260618-124445
[2026-06-18 12:46:30] Stress cycle 8 completed successfully
[2026-06-18 12:46:30] Sleeping 5 seconds before next cycle
[2026-06-18 12:46:35] Starting stress cycle 9
[2026-06-18 12:48:19] Latest diagnostics: C:\Users\Benno111\Documents\GitHub\OS-MASTER\diagnostics\iso-stress-20260618-124635
[2026-06-18 12:48:19] Stress cycle 9 completed successfully
[2026-06-18 12:48:19] Sleeping 5 seconds before next cycle
[2026-06-18 12:48:24] Starting stress cycle 10
[2026-06-18 12:50:09] Latest diagnostics: C:\Users\Benno111\Documents\GitHub\OS-MASTER\diagnostics\iso-stress-20260618-124825
[2026-06-18 12:50:09] Stress cycle 10 completed successfully
[2026-06-18 12:50:09] Sleeping 5 seconds before next cycle
[2026-06-18 12:50:14] Starting stress cycle 11
[2026-06-18 12:52:00] Latest diagnostics: C:\Users\Benno111\Documents\GitHub\OS-MASTER\diagnostics\iso-stress-20260618-125015
[2026-06-18 12:52:00] Stress cycle 11 completed successfully
[2026-06-18 12:52:00] Sleeping 5 seconds before next cycle
[2026-06-18 12:52:05] Starting stress cycle 12
[2026-06-18 12:53:51] Latest diagnostics: C:\Users\Benno111\Documents\GitHub\OS-MASTER\diagnostics\iso-stress-20260618-125205
[2026-06-18 12:53:51] Stress cycle 12 completed successfully
[2026-06-18 12:53:51] Sleeping 5 seconds before next cycle
[2026-06-18 12:53:56] Starting stress cycle 13
[2026-06-18 12:55:42] Latest diagnostics: C:\Users\Benno111\Documents\GitHub\OS-MASTER\diagnostics\iso-stress-20260618-125356
[2026-06-18 12:55:42] Stress cycle 13 completed successfully
[2026-06-18 12:55:42] Sleeping 5 seconds before next cycle
[2026-06-18 12:55:47] Starting stress cycle 14
[2026-06-18 12:57:34] Latest diagnostics: C:\Users\Benno111\Documents\GitHub\OS-MASTER\diagnostics\iso-stress-20260618-125548
[2026-06-18 12:57:34] Stress cycle 14 completed successfully
[2026-06-18 12:57:34] Sleeping 5 seconds before next cycle
[2026-06-18 12:57:39] Starting stress cycle 15
[2026-06-18 12:59:25] Latest diagnostics: C:\Users\Benno111\Documents\GitHub\OS-MASTER\diagnostics\iso-stress-20260618-125739
[2026-06-18 12:59:25] Stress cycle 15 completed successfully
[2026-06-18 12:59:25] Sleeping 5 seconds before next cycle
[2026-06-18 12:59:30] Starting stress cycle 16
[2026-06-18 13:01:17] Latest diagnostics: C:\Users\Benno111\Documents\GitHub\OS-MASTER\diagnostics\iso-stress-20260618-125931
[2026-06-18 13:01:17] Stress cycle 16 completed successfully
[2026-06-18 13:01:17] Sleeping 5 seconds before next cycle
[2026-06-18 13:01:22] Starting stress cycle 17
[2026-06-18 13:03:09] Latest diagnostics: C:\Users\Benno111\Documents\GitHub\OS-MASTER\diagnostics\iso-stress-20260618-130123
[2026-06-18 13:03:09] Stress cycle 17 completed successfully
[2026-06-18 13:03:09] Sleeping 5 seconds before next cycle
[2026-06-18 13:03:14] Starting stress cycle 18
[2026-06-18 13:05:00] Latest diagnostics: C:\Users\Benno111\Documents\GitHub\OS-MASTER\diagnostics\iso-stress-20260618-130315
[2026-06-18 13:05:00] Stress cycle 18 completed successfully
[2026-06-18 13:05:00] Sleeping 5 seconds before next cycle
[2026-06-18 13:05:05] Starting stress cycle 19
[2026-06-18 13:06:51] Latest diagnostics: C:\Users\Benno111\Documents\GitHub\OS-MASTER\diagnostics\iso-stress-20260618-130505
[2026-06-18 13:06:51] Stress cycle 19 completed successfully
[2026-06-18 13:06:51] Sleeping 5 seconds before next cycle
[2026-06-18 13:06:56] Starting stress cycle 20
[2026-06-18 13:08:41] Latest diagnostics: C:\Users\Benno111\Documents\GitHub\OS-MASTER\diagnostics\iso-stress-20260618-130656
[2026-06-18 13:08:41] Stress cycle 20 completed successfully
[2026-06-18 13:08:41] Sleeping 5 seconds before next cycle
[2026-06-18 13:08:46] Starting stress cycle 21
[2026-06-18 13:10:32] Latest diagnostics: C:\Users\Benno111\Documents\GitHub\OS-MASTER\diagnostics\iso-stress-20260618-130847
[2026-06-18 13:10:32] Stress cycle 21 completed successfully
[2026-06-18 13:10:32] Sleeping 5 seconds before next cycle
[2026-06-18 13:10:37] Starting stress cycle 22
[2026-06-18 13:12:24] Latest diagnostics: C:\Users\Benno111\Documents\GitHub\OS-MASTER\diagnostics\iso-stress-20260618-131038
[2026-06-18 13:12:24] Stress cycle 22 completed successfully
[2026-06-18 13:12:24] Sleeping 5 seconds before next cycle
[2026-06-18 13:12:29] Starting stress cycle 23
[2026-06-18 13:14:15] Latest diagnostics: C:\Users\Benno111\Documents\GitHub\OS-MASTER\diagnostics\iso-stress-20260618-131230
[2026-06-18 13:14:15] Stress cycle 23 completed successfully
[2026-06-18 13:14:15] Sleeping 5 seconds before next cycle
[2026-06-18 13:14:20] Starting stress cycle 24
[2026-06-18 13:16:06] Latest diagnostics: C:\Users\Benno111\Documents\GitHub\OS-MASTER\diagnostics\iso-stress-20260618-131420
[2026-06-18 13:16:06] Stress cycle 24 completed successfully
[2026-06-18 13:16:06] Sleeping 5 seconds before next cycle
[2026-06-18 13:16:11] Starting stress cycle 25
[2026-06-18 13:18:04] Latest diagnostics: C:\Users\Benno111\Documents\GitHub\OS-MASTER\diagnostics\iso-stress-20260618-131612
[2026-06-18 13:18:04] Stress cycle 25 completed successfully
[2026-06-18 13:18:04] Sleeping 5 seconds before next cycle
[2026-06-18 13:18:09] Starting stress cycle 26
[2026-06-18 13:20:02] Latest diagnostics: C:\Users\Benno111\Documents\GitHub\OS-MASTER\diagnostics\iso-stress-20260618-131809
[2026-06-18 13:20:02] Stress cycle 26 completed successfully
[2026-06-18 13:20:02] Sleeping 5 seconds before next cycle
[2026-06-18 13:20:07] Starting stress cycle 27
[2026-06-18 13:21:56] Latest diagnostics: C:\Users\Benno111\Documents\GitHub\OS-MASTER\diagnostics\iso-stress-20260618-132008
[2026-06-18 13:21:56] Stress cycle 27 completed successfully
[2026-06-18 13:21:56] Sleeping 5 seconds before next cycle
[2026-06-18 13:22:01] Starting stress cycle 28
[2026-06-18 13:23:55] Latest diagnostics: C:\Users\Benno111\Documents\GitHub\OS-MASTER\diagnostics\iso-stress-20260618-132201
[2026-06-18 13:23:55] Stress cycle 28 completed successfully
[2026-06-18 13:23:55] Sleeping 5 seconds before next cycle
[2026-06-18 13:24:00] Starting stress cycle 29
[2026-06-18 13:25:54] Latest diagnostics: C:\Users\Benno111\Documents\GitHub\OS-MASTER\diagnostics\iso-stress-20260618-132401
[2026-06-18 13:25:54] Stress cycle 29 completed successfully
[2026-06-18 13:25:54] Sleeping 5 seconds before next cycle
[2026-06-18 13:25:59] Starting stress cycle 30
[2026-06-18 13:27:53] Latest diagnostics: C:\Users\Benno111\Documents\GitHub\OS-MASTER\diagnostics\iso-stress-20260618-132559
[2026-06-18 13:27:53] Stress cycle 30 completed successfully
[2026-06-18 13:27:53] Sleeping 5 seconds before next cycle
[2026-06-18 13:27:58] Starting stress cycle 31
[2026-06-18 13:29:51] Latest diagnostics: C:\Users\Benno111\Documents\GitHub\OS-MASTER\diagnostics\iso-stress-20260618-132759
[2026-06-18 13:29:51] Stress cycle 31 completed successfully
[2026-06-18 13:29:51] Sleeping 5 seconds before next cycle
[2026-06-18 13:29:56] Starting stress cycle 32
[2026-06-18 13:31:50] Latest diagnostics: C:\Users\Benno111\Documents\GitHub\OS-MASTER\diagnostics\iso-stress-20260618-132956
[2026-06-18 13:31:50] Stress cycle 32 completed successfully
[2026-06-18 13:31:50] Sleeping 5 seconds before next cycle
[2026-06-18 13:31:55] Starting stress cycle 33
[2026-06-18 13:33:49] Latest diagnostics: C:\Users\Benno111\Documents\GitHub\OS-MASTER\diagnostics\iso-stress-20260618-133156
[2026-06-18 13:33:49] Stress cycle 33 completed successfully
[2026-06-18 13:33:49] Sleeping 5 seconds before next cycle
[2026-06-18 13:33:55] Starting stress cycle 34
[2026-06-18 13:35:48] Latest diagnostics: C:\Users\Benno111\Documents\GitHub\OS-MASTER\diagnostics\iso-stress-20260618-133355
[2026-06-18 13:35:48] Stress cycle 34 completed successfully
[2026-06-18 13:35:48] Sleeping 5 seconds before next cycle
[2026-06-18 13:35:53] Starting stress cycle 35
[2026-06-18 13:37:48] Latest diagnostics: C:\Users\Benno111\Documents\GitHub\OS-MASTER\diagnostics\iso-stress-20260618-133554
[2026-06-18 13:37:48] Stress cycle 35 completed successfully
[2026-06-18 13:37:48] Sleeping 5 seconds before next cycle
[2026-06-18 13:37:53] Starting stress cycle 36
[2026-06-18 13:39:48] Latest diagnostics: C:\Users\Benno111\Documents\GitHub\OS-MASTER\diagnostics\iso-stress-20260618-133754
[2026-06-18 13:39:48] Stress cycle 36 completed successfully
[2026-06-18 13:39:48] Sleeping 5 seconds before next cycle
[2026-06-18 13:39:53] Starting stress cycle 37
[2026-06-18 13:41:48] Latest diagnostics: C:\Users\Benno111\Documents\GitHub\OS-MASTER\diagnostics\iso-stress-20260618-133954
[2026-06-18 13:41:48] Stress cycle 37 completed successfully
[2026-06-18 13:41:48] Sleeping 5 seconds before next cycle
[2026-06-18 13:41:53] Starting stress cycle 38
[2026-06-18 13:43:49] Latest diagnostics: C:\Users\Benno111\Documents\GitHub\OS-MASTER\diagnostics\iso-stress-20260618-134154
[2026-06-18 13:43:49] Stress cycle 38 completed successfully
[2026-06-18 13:43:49] Sleeping 5 seconds before next cycle
[2026-06-18 13:43:54] Starting stress cycle 39
[2026-06-18 13:45:47] Latest diagnostics: C:\Users\Benno111\Documents\GitHub\OS-MASTER\diagnostics\iso-stress-20260618-134354
[2026-06-18 13:45:47] Stress cycle 39 completed successfully
[2026-06-18 13:45:47] Sleeping 5 seconds before next cycle
[2026-06-18 13:45:52] Starting stress cycle 40
[2026-06-18 13:47:48] Latest diagnostics: C:\Users\Benno111\Documents\GitHub\OS-MASTER\diagnostics\iso-stress-20260618-134553
[2026-06-18 13:47:48] Stress cycle 40 completed successfully
[2026-06-18 13:47:48] Sleeping 5 seconds before next cycle
[2026-06-18 13:47:53] Starting stress cycle 41
[2026-06-18 13:49:48] Latest diagnostics: C:\Users\Benno111\Documents\GitHub\OS-MASTER\diagnostics\iso-stress-20260618-134754
[2026-06-18 13:49:48] Stress cycle 41 completed successfully
[2026-06-18 13:49:48] Sleeping 5 seconds before next cycle
[2026-06-18 13:49:53] Starting stress cycle 42
[2026-06-18 13:51:42] Latest diagnostics: C:\Users\Benno111\Documents\GitHub\OS-MASTER\diagnostics\iso-stress-20260618-134953
[2026-06-18 13:51:42] Stress cycle 42 completed successfully
[2026-06-18 13:51:42] Sleeping 5 seconds before next cycle
[2026-06-18 13:51:47] Starting stress cycle 43
[2026-06-18 13:53:33] Latest diagnostics: C:\Users\Benno111\Documents\GitHub\OS-MASTER\diagnostics\iso-stress-20260618-135147
[2026-06-18 13:53:33] Stress cycle 43 completed successfully
[2026-06-18 13:53:33] Sleeping 5 seconds before next cycle
[2026-06-18 13:53:38] Starting stress cycle 44
[2026-06-18 13:55:24] Latest diagnostics: C:\Users\Benno111\Documents\GitHub\OS-MASTER\diagnostics\iso-stress-20260618-135338
[2026-06-18 13:55:24] Stress cycle 44 completed successfully
[2026-06-18 13:55:24] Sleeping 5 seconds before next cycle
[2026-06-18 13:55:29] Starting stress cycle 45
[2026-06-18 13:57:16] Latest diagnostics: C:\Users\Benno111\Documents\GitHub\OS-MASTER\diagnostics\iso-stress-20260618-135530
[2026-06-18 13:57:16] Stress cycle 45 completed successfully
[2026-06-18 13:57:16] Sleeping 5 seconds before next cycle
[2026-06-18 13:57:21] Starting stress cycle 46
[2026-06-18 13:59:07] Latest diagnostics: C:\Users\Benno111\Documents\GitHub\OS-MASTER\diagnostics\iso-stress-20260618-135721
[2026-06-18 13:59:07] Stress cycle 46 completed successfully
[2026-06-18 13:59:07] Sleeping 5 seconds before next cycle
[2026-06-18 13:59:12] Starting stress cycle 47
[2026-06-18 14:00:59] Latest diagnostics: C:\Users\Benno111\Documents\GitHub\OS-MASTER\diagnostics\iso-stress-20260618-135913
[2026-06-18 14:00:59] Stress cycle 47 completed successfully
[2026-06-18 14:00:59] Sleeping 5 seconds before next cycle
[2026-06-18 14:01:04] Starting stress cycle 48
[2026-06-18 14:02:51] Latest diagnostics: C:\Users\Benno111\Documents\GitHub\OS-MASTER\diagnostics\iso-stress-20260618-140105
[2026-06-18 14:02:51] Stress cycle 48 completed successfully
[2026-06-18 14:02:51] Sleeping 5 seconds before next cycle
[2026-06-18 14:02:56] Starting stress cycle 49
[2026-06-18 14:04:42] Latest diagnostics: C:\Users\Benno111\Documents\GitHub\OS-MASTER\diagnostics\iso-stress-20260618-140256
[2026-06-18 14:04:42] Stress cycle 49 completed successfully
[2026-06-18 14:04:42] Sleeping 5 seconds before next cycle
[2026-06-18 14:04:47] Starting stress cycle 50
[2026-06-18 14:06:33] Latest diagnostics: C:\Users\Benno111\Documents\GitHub\OS-MASTER\diagnostics\iso-stress-20260618-140448
[2026-06-18 14:06:33] Stress cycle 50 completed successfully
[2026-06-18 14:06:33] Sleeping 5 seconds before next cycle
[2026-06-18 14:06:38] Starting stress cycle 51
[2026-06-18 14:08:24] Latest diagnostics: C:\Users\Benno111\Documents\GitHub\OS-MASTER\diagnostics\iso-stress-20260618-140639
[2026-06-18 14:08:24] Stress cycle 51 completed successfully
[2026-06-18 14:08:24] Sleeping 5 seconds before next cycle
[2026-06-18 14:08:29] Starting stress cycle 52
[2026-06-18 14:10:15] Latest diagnostics: C:\Users\Benno111\Documents\GitHub\OS-MASTER\diagnostics\iso-stress-20260618-140829
[2026-06-18 14:10:15] Stress cycle 52 completed successfully
[2026-06-18 14:10:15] Sleeping 5 seconds before next cycle
[2026-06-18 14:10:20] Starting stress cycle 53
[2026-06-18 14:12:06] Latest diagnostics: C:\Users\Benno111\Documents\GitHub\OS-MASTER\diagnostics\iso-stress-20260618-141020
[2026-06-18 14:12:06] Stress cycle 53 completed successfully
[2026-06-18 14:12:06] Sleeping 5 seconds before next cycle
[2026-06-18 14:12:11] Starting stress cycle 54
[2026-06-18 14:13:57] Latest diagnostics: C:\Users\Benno111\Documents\GitHub\OS-MASTER\diagnostics\iso-stress-20260618-141211
[2026-06-18 14:13:57] Stress cycle 54 completed successfully
[2026-06-18 14:13:57] Sleeping 5 seconds before next cycle
[2026-06-18 14:14:02] Starting stress cycle 55
[2026-06-18 14:15:48] Latest diagnostics: C:\Users\Benno111\Documents\GitHub\OS-MASTER\diagnostics\iso-stress-20260618-141402
[2026-06-18 14:15:48] Stress cycle 55 completed successfully
[2026-06-18 14:15:48] Sleeping 5 seconds before next cycle
[2026-06-18 14:15:53] Starting stress cycle 56
[2026-06-18 14:17:39] Latest diagnostics: C:\Users\Benno111\Documents\GitHub\OS-MASTER\diagnostics\iso-stress-20260618-141553
[2026-06-18 14:17:39] Stress cycle 56 completed successfully
[2026-06-18 14:17:39] Sleeping 5 seconds before next cycle
[2026-06-18 14:17:44] Starting stress cycle 57
[2026-06-18 14:19:30] Latest diagnostics: C:\Users\Benno111\Documents\GitHub\OS-MASTER\diagnostics\iso-stress-20260618-141745
[2026-06-18 14:19:30] Stress cycle 57 completed successfully
[2026-06-18 14:19:30] Sleeping 5 seconds before next cycle
[2026-06-18 14:19:35] Starting stress cycle 58
[2026-06-18 14:21:21] Latest diagnostics: C:\Users\Benno111\Documents\GitHub\OS-MASTER\diagnostics\iso-stress-20260618-141935
[2026-06-18 14:21:21] Stress cycle 58 completed successfully
[2026-06-18 14:21:21] Sleeping 5 seconds before next cycle
[2026-06-18 14:21:26] Starting stress cycle 59
[2026-06-18 14:23:12] Latest diagnostics: C:\Users\Benno111\Documents\GitHub\OS-MASTER\diagnostics\iso-stress-20260618-142126
[2026-06-18 14:23:12] Stress cycle 59 completed successfully
[2026-06-18 14:23:12] Sleeping 5 seconds before next cycle
[2026-06-18 14:23:17] Starting stress cycle 60
[2026-06-18 14:25:03] Latest diagnostics: C:\Users\Benno111\Documents\GitHub\OS-MASTER\diagnostics\iso-stress-20260618-142317
[2026-06-18 14:25:03] Stress cycle 60 completed successfully
[2026-06-18 14:25:03] Sleeping 5 seconds before next cycle
[2026-06-18 14:25:08] Starting stress cycle 61
[2026-06-18 14:26:55] Latest diagnostics: C:\Users\Benno111\Documents\GitHub\OS-MASTER\diagnostics\iso-stress-20260618-142508
[2026-06-18 14:26:55] Stress cycle 61 completed successfully
[2026-06-18 14:26:55] Sleeping 5 seconds before next cycle
[2026-06-18 14:27:00] Starting stress cycle 62
[2026-06-18 14:28:46] Latest diagnostics: C:\Users\Benno111\Documents\GitHub\OS-MASTER\diagnostics\iso-stress-20260618-142700
[2026-06-18 14:28:46] Stress cycle 62 completed successfully
[2026-06-18 14:28:46] Sleeping 5 seconds before next cycle
[2026-06-18 14:28:51] Starting stress cycle 63
[2026-06-18 14:30:38] Latest diagnostics: C:\Users\Benno111\Documents\GitHub\OS-MASTER\diagnostics\iso-stress-20260618-142851
[2026-06-18 14:30:38] Stress cycle 63 completed successfully
[2026-06-18 14:30:38] Sleeping 5 seconds before next cycle
[2026-06-18 14:30:43] Starting stress cycle 64
[2026-06-18 14:32:29] Latest diagnostics: C:\Users\Benno111\Documents\GitHub\OS-MASTER\diagnostics\iso-stress-20260618-143043
[2026-06-18 14:32:29] Stress cycle 64 completed successfully
[2026-06-18 14:32:29] Sleeping 5 seconds before next cycle
[2026-06-18 14:32:34] Starting stress cycle 65
[2026-06-18 14:34:20] Latest diagnostics: C:\Users\Benno111\Documents\GitHub\OS-MASTER\diagnostics\iso-stress-20260618-143234
[2026-06-18 14:34:20] Stress cycle 65 completed successfully
[2026-06-18 14:34:20] Sleeping 5 seconds before next cycle
[2026-06-18 14:34:25] Starting stress cycle 66
[2026-06-18 14:36:11] Latest diagnostics: C:\Users\Benno111\Documents\GitHub\OS-MASTER\diagnostics\iso-stress-20260618-143425
[2026-06-18 14:36:11] Stress cycle 66 completed successfully
[2026-06-18 14:36:11] Sleeping 5 seconds before next cycle
[2026-06-18 14:36:16] Starting stress cycle 67
[2026-06-18 14:38:02] Latest diagnostics: C:\Users\Benno111\Documents\GitHub\OS-MASTER\diagnostics\iso-stress-20260618-143616
[2026-06-18 14:38:02] Stress cycle 67 completed successfully
[2026-06-18 14:38:02] Sleeping 5 seconds before next cycle
[2026-06-18 14:38:07] Starting stress cycle 68
[2026-06-18 14:39:53] Latest diagnostics: C:\Users\Benno111\Documents\GitHub\OS-MASTER\diagnostics\iso-stress-20260618-143807
[2026-06-18 14:39:53] Stress cycle 68 completed successfully
[2026-06-18 14:39:53] Sleeping 5 seconds before next cycle
[2026-06-18 14:39:58] Starting stress cycle 69
[2026-06-18 14:41:44] Latest diagnostics: C:\Users\Benno111\Documents\GitHub\OS-MASTER\diagnostics\iso-stress-20260618-143958
[2026-06-18 14:41:44] Stress cycle 69 completed successfully
[2026-06-18 14:41:44] Sleeping 5 seconds before next cycle
[2026-06-18 14:41:49] Starting stress cycle 70
[2026-06-18 14:43:35] Latest diagnostics: C:\Users\Benno111\Documents\GitHub\OS-MASTER\diagnostics\iso-stress-20260618-144149
[2026-06-18 14:43:35] Stress cycle 70 completed successfully
[2026-06-18 14:43:35] Sleeping 5 seconds before next cycle
[2026-06-18 14:43:40] Starting stress cycle 71
[2026-06-18 14:45:26] Latest diagnostics: C:\Users\Benno111\Documents\GitHub\OS-MASTER\diagnostics\iso-stress-20260618-144341
[2026-06-18 14:45:26] Stress cycle 71 completed successfully
[2026-06-18 14:45:26] Sleeping 5 seconds before next cycle
[2026-06-18 14:45:31] Starting stress cycle 72
[2026-06-18 14:47:16] Latest diagnostics: C:\Users\Benno111\Documents\GitHub\OS-MASTER\diagnostics\iso-stress-20260618-144531
[2026-06-18 14:47:16] Stress cycle 72 completed successfully
[2026-06-18 14:47:16] Sleeping 5 seconds before next cycle
[2026-06-18 14:47:21] Starting stress cycle 73
[2026-06-18 14:49:07] Latest diagnostics: C:\Users\Benno111\Documents\GitHub\OS-MASTER\diagnostics\iso-stress-20260618-144722
[2026-06-18 14:49:07] Stress cycle 73 completed successfully
[2026-06-18 14:49:07] Sleeping 5 seconds before next cycle
[2026-06-18 14:49:12] Starting stress cycle 74
[2026-06-18 14:50:58] Latest diagnostics: C:\Users\Benno111\Documents\GitHub\OS-MASTER\diagnostics\iso-stress-20260618-144912
[2026-06-18 14:50:58] Stress cycle 74 completed successfully
[2026-06-18 14:50:58] Sleeping 5 seconds before next cycle
[2026-06-18 14:51:03] Starting stress cycle 75
[2026-06-18 14:52:49] Latest diagnostics: C:\Users\Benno111\Documents\GitHub\OS-MASTER\diagnostics\iso-stress-20260618-145103
[2026-06-18 14:52:49] Stress cycle 75 completed successfully
[2026-06-18 14:52:49] Sleeping 5 seconds before next cycle
[2026-06-18 14:52:54] Starting stress cycle 76
[2026-06-18 14:54:39] Latest diagnostics: C:\Users\Benno111\Documents\GitHub\OS-MASTER\diagnostics\iso-stress-20260618-145254
[2026-06-18 14:54:39] Stress cycle 76 completed successfully
[2026-06-18 14:54:39] Sleeping 5 seconds before next cycle
[2026-06-18 14:54:44] Starting stress cycle 77
[2026-06-18 14:56:30] Latest diagnostics: C:\Users\Benno111\Documents\GitHub\OS-MASTER\diagnostics\iso-stress-20260618-145444
[2026-06-18 14:56:30] Stress cycle 77 completed successfully
[2026-06-18 14:56:30] Sleeping 5 seconds before next cycle
[2026-06-18 14:56:35] Starting stress cycle 78
[2026-06-18 14:58:21] Latest diagnostics: C:\Users\Benno111\Documents\GitHub\OS-MASTER\diagnostics\iso-stress-20260618-145635
[2026-06-18 14:58:21] Stress cycle 78 completed successfully
[2026-06-18 14:58:21] Sleeping 5 seconds before next cycle
[2026-06-18 14:58:26] Starting stress cycle 79
[2026-06-18 15:00:12] Latest diagnostics: C:\Users\Benno111\Documents\GitHub\OS-MASTER\diagnostics\iso-stress-20260618-145826
[2026-06-18 15:00:12] Stress cycle 79 completed successfully
[2026-06-18 15:00:12] Sleeping 5 seconds before next cycle
[2026-06-18 15:00:17] Starting stress cycle 80
[2026-06-18 15:02:03] Latest diagnostics: C:\Users\Benno111\Documents\GitHub\OS-MASTER\diagnostics\iso-stress-20260618-150017
[2026-06-18 15:02:03] Stress cycle 80 completed successfully
[2026-06-18 15:02:03] Sleeping 5 seconds before next cycle
[2026-06-18 15:02:08] Starting stress cycle 81
[2026-06-18 15:03:54] Latest diagnostics: C:\Users\Benno111\Documents\GitHub\OS-MASTER\diagnostics\iso-stress-20260618-150209
[2026-06-18 15:03:54] Stress cycle 81 completed successfully
[2026-06-18 15:03:54] Sleeping 5 seconds before next cycle
[2026-06-18 15:03:59] Starting stress cycle 82
[2026-06-18 15:05:45] Latest diagnostics: C:\Users\Benno111\Documents\GitHub\OS-MASTER\diagnostics\iso-stress-20260618-150359
[2026-06-18 15:05:45] Stress cycle 82 completed successfully
[2026-06-18 15:05:45] Sleeping 5 seconds before next cycle
[2026-06-18 15:05:50] Starting stress cycle 83
[2026-06-18 15:07:36] Latest diagnostics: C:\Users\Benno111\Documents\GitHub\OS-MASTER\diagnostics\iso-stress-20260618-150550
[2026-06-18 15:07:36] Stress cycle 83 completed successfully
[2026-06-18 15:07:36] Sleeping 5 seconds before next cycle
[2026-06-18 15:07:41] Starting stress cycle 84
[2026-06-18 15:09:27] Latest diagnostics: C:\Users\Benno111\Documents\GitHub\OS-MASTER\diagnostics\iso-stress-20260618-150741
[2026-06-18 15:09:27] Stress cycle 84 completed successfully
[2026-06-18 15:09:27] Sleeping 5 seconds before next cycle
[2026-06-18 15:09:32] Starting stress cycle 85
[2026-06-18 15:11:18] Latest diagnostics: C:\Users\Benno111\Documents\GitHub\OS-MASTER\diagnostics\iso-stress-20260618-150933
[2026-06-18 15:11:18] Stress cycle 85 completed successfully
[2026-06-18 15:11:18] Sleeping 5 seconds before next cycle
[2026-06-18 15:11:23] Starting stress cycle 86
[2026-06-18 15:13:09] Latest diagnostics: C:\Users\Benno111\Documents\GitHub\OS-MASTER\diagnostics\iso-stress-20260618-151124
[2026-06-18 15:13:09] Stress cycle 86 completed successfully
[2026-06-18 15:13:09] Sleeping 5 seconds before next cycle
[2026-06-18 15:13:14] Starting stress cycle 87
[2026-06-18 15:15:00] Latest diagnostics: C:\Users\Benno111\Documents\GitHub\OS-MASTER\diagnostics\iso-stress-20260618-151314
[2026-06-18 15:15:00] Stress cycle 87 completed successfully
[2026-06-18 15:15:00] Sleeping 5 seconds before next cycle
[2026-06-18 15:15:05] Starting stress cycle 88
[2026-06-18 15:16:51] Latest diagnostics: C:\Users\Benno111\Documents\GitHub\OS-MASTER\diagnostics\iso-stress-20260618-151505
[2026-06-18 15:16:51] Stress cycle 88 completed successfully
[2026-06-18 15:16:51] Sleeping 5 seconds before next cycle
[2026-06-18 15:16:56] Starting stress cycle 89
[2026-06-18 15:18:43] Latest diagnostics: C:\Users\Benno111\Documents\GitHub\OS-MASTER\diagnostics\iso-stress-20260618-151657
[2026-06-18 15:18:43] Stress cycle 89 completed successfully
[2026-06-18 15:18:43] Sleeping 5 seconds before next cycle
[2026-06-18 15:18:48] Starting stress cycle 90
[2026-06-18 15:20:34] Latest diagnostics: C:\Users\Benno111\Documents\GitHub\OS-MASTER\diagnostics\iso-stress-20260618-151849
[2026-06-18 15:20:34] Stress cycle 90 completed successfully
[2026-06-18 15:20:34] Sleeping 5 seconds before next cycle
[2026-06-18 15:20:39] Starting stress cycle 91
[2026-06-18 15:22:25] Latest diagnostics: C:\Users\Benno111\Documents\GitHub\OS-MASTER\diagnostics\iso-stress-20260618-152039
[2026-06-18 15:22:25] Stress cycle 91 completed successfully
[2026-06-18 15:22:25] Sleeping 5 seconds before next cycle
[2026-06-18 15:22:30] Starting stress cycle 92
[2026-06-18 15:24:16] Latest diagnostics: C:\Users\Benno111\Documents\GitHub\OS-MASTER\diagnostics\iso-stress-20260618-152230
[2026-06-18 15:24:16] Stress cycle 92 completed successfully
[2026-06-18 15:24:16] Sleeping 5 seconds before next cycle
[2026-06-18 15:24:21] Starting stress cycle 93
[2026-06-18 15:26:07] Latest diagnostics: C:\Users\Benno111\Documents\GitHub\OS-MASTER\diagnostics\iso-stress-20260618-152421
[2026-06-18 15:26:07] Stress cycle 93 completed successfully
[2026-06-18 15:26:07] Sleeping 5 seconds before next cycle
[2026-06-18 15:26:12] Starting stress cycle 94
[2026-06-18 15:27:58] Latest diagnostics: C:\Users\Benno111\Documents\GitHub\OS-MASTER\diagnostics\iso-stress-20260618-152613
[2026-06-18 15:27:58] Stress cycle 94 completed successfully
[2026-06-18 15:27:58] Sleeping 5 seconds before next cycle
[2026-06-18 15:28:03] Starting stress cycle 95
[2026-06-18 15:29:49] Latest diagnostics: C:\Users\Benno111\Documents\GitHub\OS-MASTER\diagnostics\iso-stress-20260618-152803
[2026-06-18 15:29:49] Stress cycle 95 completed successfully
[2026-06-18 15:29:49] Sleeping 5 seconds before next cycle
[2026-06-18 15:29:54] Starting stress cycle 96
[2026-06-18 15:31:41] Latest diagnostics: C:\Users\Benno111\Documents\GitHub\OS-MASTER\diagnostics\iso-stress-20260618-152955
[2026-06-18 15:31:41] Stress cycle 96 completed successfully
[2026-06-18 15:31:41] Sleeping 5 seconds before next cycle
[2026-06-18 15:31:46] Starting stress cycle 97
[2026-06-18 15:33:33] Latest diagnostics: C:\Users\Benno111\Documents\GitHub\OS-MASTER\diagnostics\iso-stress-20260618-153147
[2026-06-18 15:33:33] Stress cycle 97 completed successfully
[2026-06-18 15:33:33] Sleeping 5 seconds before next cycle
[2026-06-18 15:33:38] Starting stress cycle 98
[2026-06-18 15:35:24] Latest diagnostics: C:\Users\Benno111\Documents\GitHub\OS-MASTER\diagnostics\iso-stress-20260618-153339
[2026-06-18 15:35:24] Stress cycle 98 completed successfully
[2026-06-18 15:35:24] Sleeping 5 seconds before next cycle
[2026-06-18 15:35:29] Starting stress cycle 99
[2026-06-18 15:37:16] Latest diagnostics: C:\Users\Benno111\Documents\GitHub\OS-MASTER\diagnostics\iso-stress-20260618-153530
[2026-06-18 15:37:16] Stress cycle 99 completed successfully
[2026-06-18 15:37:16] Sleeping 5 seconds before next cycle
[2026-06-18 15:37:21] Starting stress cycle 100
[2026-06-18 15:39:07] Latest diagnostics: C:\Users\Benno111\Documents\GitHub\OS-MASTER\diagnostics\iso-stress-20260618-153721
[2026-06-18 15:39:07] Stress cycle 100 completed successfully
[2026-06-18 15:39:07] Sleeping 5 seconds before next cycle
[2026-06-18 15:39:12] Starting stress cycle 101
[2026-06-18 15:40:58] Latest diagnostics: C:\Users\Benno111\Documents\GitHub\OS-MASTER\diagnostics\iso-stress-20260618-153912
[2026-06-18 15:40:58] Stress cycle 101 completed successfully
[2026-06-18 15:40:58] Sleeping 5 seconds before next cycle
[2026-06-18 15:41:03] Starting stress cycle 102
[2026-06-18 15:42:49] Latest diagnostics: C:\Users\Benno111\Documents\GitHub\OS-MASTER\diagnostics\iso-stress-20260618-154103
[2026-06-18 15:42:49] Stress cycle 102 completed successfully
[2026-06-18 15:42:49] Sleeping 5 seconds before next cycle
[2026-06-18 15:42:54] Starting stress cycle 103
[2026-06-18 15:44:41] Latest diagnostics: C:\Users\Benno111\Documents\GitHub\OS-MASTER\diagnostics\iso-stress-20260618-154255
[2026-06-18 15:44:41] Stress cycle 103 completed successfully
[2026-06-18 15:44:41] Sleeping 5 seconds before next cycle
[2026-06-18 15:44:46] Starting stress cycle 104
[2026-06-18 15:46:33] Latest diagnostics: C:\Users\Benno111\Documents\GitHub\OS-MASTER\diagnostics\iso-stress-20260618-154446
[2026-06-18 15:46:33] Stress cycle 104 completed successfully
[2026-06-18 15:46:33] Sleeping 5 seconds before next cycle
[2026-06-18 15:46:38] Starting stress cycle 105
[2026-06-18 15:48:24] Latest diagnostics: C:\Users\Benno111\Documents\GitHub\OS-MASTER\diagnostics\iso-stress-20260618-154639
[2026-06-18 15:48:24] Stress cycle 105 completed successfully
[2026-06-18 15:48:24] Sleeping 5 seconds before next cycle
[2026-06-18 15:48:29] Starting stress cycle 106
[2026-06-18 15:50:15] Latest diagnostics: C:\Users\Benno111\Documents\GitHub\OS-MASTER\diagnostics\iso-stress-20260618-154829
[2026-06-18 15:50:15] Stress cycle 106 completed successfully
[2026-06-18 15:50:15] Sleeping 5 seconds before next cycle
[2026-06-18 15:50:20] Starting stress cycle 107
[2026-06-18 15:52:06] Latest diagnostics: C:\Users\Benno111\Documents\GitHub\OS-MASTER\diagnostics\iso-stress-20260618-155020
[2026-06-18 15:52:06] Stress cycle 107 completed successfully
[2026-06-18 15:52:06] Sleeping 5 seconds before next cycle
[2026-06-18 15:52:11] Starting stress cycle 108
[2026-06-18 15:53:57] Latest diagnostics: C:\Users\Benno111\Documents\GitHub\OS-MASTER\diagnostics\iso-stress-20260618-155212
[2026-06-18 15:53:57] Stress cycle 108 completed successfully
[2026-06-18 15:53:57] Sleeping 5 seconds before next cycle
[2026-06-18 15:54:02] Starting stress cycle 109
[2026-06-18 15:55:49] Latest diagnostics: C:\Users\Benno111\Documents\GitHub\OS-MASTER\diagnostics\iso-stress-20260618-155403
[2026-06-18 15:55:49] Stress cycle 109 completed successfully
[2026-06-18 15:55:49] Sleeping 5 seconds before next cycle
[2026-06-18 15:55:54] Starting stress cycle 110
[2026-06-18 15:57:40] Latest diagnostics: C:\Users\Benno111\Documents\GitHub\OS-MASTER\diagnostics\iso-stress-20260618-155554
[2026-06-18 15:57:40] Stress cycle 110 completed successfully
[2026-06-18 15:57:40] Sleeping 5 seconds before next cycle
[2026-06-18 15:57:45] Starting stress cycle 111
[2026-06-18 15:59:31] Latest diagnostics: C:\Users\Benno111\Documents\GitHub\OS-MASTER\diagnostics\iso-stress-20260618-155745
[2026-06-18 15:59:31] Stress cycle 111 completed successfully
[2026-06-18 15:59:31] Sleeping 5 seconds before next cycle
[2026-06-18 15:59:36] Starting stress cycle 112
[2026-06-18 16:01:22] Latest diagnostics: C:\Users\Benno111\Documents\GitHub\OS-MASTER\diagnostics\iso-stress-20260618-155936
[2026-06-18 16:01:22] Stress cycle 112 completed successfully
[2026-06-18 16:01:22] Sleeping 5 seconds before next cycle
[2026-06-18 16:01:27] Starting stress cycle 113
[2026-06-18 16:03:14] Latest diagnostics: C:\Users\Benno111\Documents\GitHub\OS-MASTER\diagnostics\iso-stress-20260618-160127
[2026-06-18 16:03:14] Stress cycle 113 completed successfully
[2026-06-18 16:03:14] Sleeping 5 seconds before next cycle
[2026-06-18 16:03:19] Starting stress cycle 114
[2026-06-18 16:05:05] Latest diagnostics: C:\Users\Benno111\Documents\GitHub\OS-MASTER\diagnostics\iso-stress-20260618-160320
[2026-06-18 16:05:05] Stress cycle 114 completed successfully
[2026-06-18 16:05:05] Sleeping 5 seconds before next cycle
[2026-06-18 16:05:10] Starting stress cycle 115
[2026-06-18 16:06:56] Latest diagnostics: C:\Users\Benno111\Documents\GitHub\OS-MASTER\diagnostics\iso-stress-20260618-160511
[2026-06-18 16:06:56] Stress cycle 115 completed successfully
[2026-06-18 16:06:56] Sleeping 5 seconds before next cycle
[2026-06-18 16:07:01] Starting stress cycle 116
[2026-06-18 16:08:47] Latest diagnostics: C:\Users\Benno111\Documents\GitHub\OS-MASTER\diagnostics\iso-stress-20260618-160701
[2026-06-18 16:08:47] Stress cycle 116 completed successfully
[2026-06-18 16:08:47] Sleeping 5 seconds before next cycle
[2026-06-18 16:08:52] Starting stress cycle 117
[2026-06-18 16:10:38] Latest diagnostics: C:\Users\Benno111\Documents\GitHub\OS-MASTER\diagnostics\iso-stress-20260618-160852
[2026-06-18 16:10:38] Stress cycle 117 completed successfully
[2026-06-18 16:10:38] Sleeping 5 seconds before next cycle
[2026-06-18 16:10:43] Starting stress cycle 118
[2026-06-18 16:12:29] Latest diagnostics: C:\Users\Benno111\Documents\GitHub\OS-MASTER\diagnostics\iso-stress-20260618-161043
[2026-06-18 16:12:29] Stress cycle 118 completed successfully
[2026-06-18 16:12:29] Sleeping 5 seconds before next cycle
[2026-06-18 16:12:34] Starting stress cycle 119
[2026-06-18 16:14:21] Latest diagnostics: C:\Users\Benno111\Documents\GitHub\OS-MASTER\diagnostics\iso-stress-20260618-161234
[2026-06-18 16:14:21] Stress cycle 119 completed successfully
[2026-06-18 16:14:21] Sleeping 5 seconds before next cycle
[2026-06-18 16:14:26] Starting stress cycle 120
[2026-06-18 16:16:12] Latest diagnostics: C:\Users\Benno111\Documents\GitHub\OS-MASTER\diagnostics\iso-stress-20260618-161426
[2026-06-18 16:16:12] Stress cycle 120 completed successfully
[2026-06-18 16:16:12] Sleeping 5 seconds before next cycle
[2026-06-18 16:16:17] Starting stress cycle 121
[2026-06-18 16:18:05] Latest diagnostics: C:\Users\Benno111\Documents\GitHub\OS-MASTER\diagnostics\iso-stress-20260618-161618
[2026-06-18 16:18:05] Stress cycle 121 completed successfully
[2026-06-18 16:18:05] Sleeping 5 seconds before next cycle
[2026-06-18 16:18:10] Starting stress cycle 122
[2026-06-18 16:19:56] Latest diagnostics: C:\Users\Benno111\Documents\GitHub\OS-MASTER\diagnostics\iso-stress-20260618-161811
[2026-06-18 16:19:56] Stress cycle 122 completed successfully
[2026-06-18 16:19:56] Sleeping 5 seconds before next cycle
[2026-06-18 16:20:01] Starting stress cycle 123
[2026-06-18 16:21:48] Latest diagnostics: C:\Users\Benno111\Documents\GitHub\OS-MASTER\diagnostics\iso-stress-20260618-162002
[2026-06-18 16:21:48] Stress cycle 123 completed successfully
[2026-06-18 16:21:48] Sleeping 5 seconds before next cycle
[2026-06-18 16:21:53] Starting stress cycle 124
[2026-06-18 16:23:39] Latest diagnostics: C:\Users\Benno111\Documents\GitHub\OS-MASTER\diagnostics\iso-stress-20260618-162153
[2026-06-18 16:23:39] Stress cycle 124 completed successfully
[2026-06-18 16:23:39] Sleeping 5 seconds before next cycle
[2026-06-18 16:23:44] Starting stress cycle 125
[2026-06-18 16:25:30] Latest diagnostics: C:\Users\Benno111\Documents\GitHub\OS-MASTER\diagnostics\iso-stress-20260618-162344
[2026-06-18 16:25:30] Stress cycle 125 completed successfully
[2026-06-18 16:25:30] Sleeping 5 seconds before next cycle
[2026-06-18 16:25:35] Starting stress cycle 126
[2026-06-18 16:27:21] Latest diagnostics: C:\Users\Benno111\Documents\GitHub\OS-MASTER\diagnostics\iso-stress-20260618-162535
[2026-06-18 16:27:21] Stress cycle 126 completed successfully
[2026-06-18 16:27:21] Sleeping 5 seconds before next cycle
[2026-06-18 16:27:26] Starting stress cycle 127
[2026-06-18 16:29:12] Latest diagnostics: C:\Users\Benno111\Documents\GitHub\OS-MASTER\diagnostics\iso-stress-20260618-162726
[2026-06-18 16:29:12] Stress cycle 127 completed successfully
[2026-06-18 16:29:12] Sleeping 5 seconds before next cycle
[2026-06-18 16:29:17] Starting stress cycle 128
[2026-06-18 16:31:03] Latest diagnostics: C:\Users\Benno111\Documents\GitHub\OS-MASTER\diagnostics\iso-stress-20260618-162917
[2026-06-18 16:31:03] Stress cycle 128 completed successfully
[2026-06-18 16:31:03] Sleeping 5 seconds before next cycle
[2026-06-18 16:31:08] Starting stress cycle 129
[2026-06-18 16:32:54] Latest diagnostics: C:\Users\Benno111\Documents\GitHub\OS-MASTER\diagnostics\iso-stress-20260618-163109
[2026-06-18 16:32:54] Stress cycle 129 completed successfully
[2026-06-18 16:32:54] Sleeping 5 seconds before next cycle
[2026-06-18 16:32:59] Starting stress cycle 130
[2026-06-18 16:34:45] Latest diagnostics: C:\Users\Benno111\Documents\GitHub\OS-MASTER\diagnostics\iso-stress-20260618-163300
[2026-06-18 16:34:45] Stress cycle 130 completed successfully
[2026-06-18 16:34:45] Sleeping 5 seconds before next cycle
[2026-06-18 16:34:50] Starting stress cycle 131
[2026-06-18 16:36:36] Latest diagnostics: C:\Users\Benno111\Documents\GitHub\OS-MASTER\diagnostics\iso-stress-20260618-163451
[2026-06-18 16:36:36] Stress cycle 131 completed successfully
[2026-06-18 16:36:36] Sleeping 5 seconds before next cycle
[2026-06-18 16:36:41] Starting stress cycle 132
[2026-06-18 16:38:27] Latest diagnostics: C:\Users\Benno111\Documents\GitHub\OS-MASTER\diagnostics\iso-stress-20260618-163641
[2026-06-18 16:38:27] Stress cycle 132 completed successfully
[2026-06-18 16:38:27] Sleeping 5 seconds before next cycle
[2026-06-18 16:38:32] Starting stress cycle 133
[2026-06-18 16:40:18] Latest diagnostics: C:\Users\Benno111\Documents\GitHub\OS-MASTER\diagnostics\iso-stress-20260618-163832
[2026-06-18 16:40:18] Stress cycle 133 completed successfully
[2026-06-18 16:40:18] Sleeping 5 seconds before next cycle
[2026-06-18 16:40:23] Starting stress cycle 134
[2026-06-18 16:42:09] Latest diagnostics: C:\Users\Benno111\Documents\GitHub\OS-MASTER\diagnostics\iso-stress-20260618-164024
[2026-06-18 16:42:09] Stress cycle 134 completed successfully
[2026-06-18 16:42:09] Sleeping 5 seconds before next cycle
[2026-06-18 16:42:14] Starting stress cycle 135
[2026-06-18 16:44:00] Latest diagnostics: C:\Users\Benno111\Documents\GitHub\OS-MASTER\diagnostics\iso-stress-20260618-164215
[2026-06-18 16:44:00] Stress cycle 135 completed successfully
[2026-06-18 16:44:00] Sleeping 5 seconds before next cycle
[2026-06-18 16:44:05] Starting stress cycle 136
[2026-06-18 16:45:51] Latest diagnostics: C:\Users\Benno111\Documents\GitHub\OS-MASTER\diagnostics\iso-stress-20260618-164406
[2026-06-18 16:45:51] Stress cycle 136 completed successfully
[2026-06-18 16:45:51] Sleeping 5 seconds before next cycle
[2026-06-18 16:45:56] Starting stress cycle 137
[2026-06-18 16:47:43] Latest diagnostics: C:\Users\Benno111\Documents\GitHub\OS-MASTER\diagnostics\iso-stress-20260618-164557
[2026-06-18 16:47:43] Stress cycle 137 completed successfully
[2026-06-18 16:47:43] Sleeping 5 seconds before next cycle
[2026-06-18 16:47:48] Starting stress cycle 138
[2026-06-18 16:49:34] Latest diagnostics: C:\Users\Benno111\Documents\GitHub\OS-MASTER\diagnostics\iso-stress-20260618-164748
[2026-06-18 16:49:34] Stress cycle 138 completed successfully
[2026-06-18 16:49:34] Sleeping 5 seconds before next cycle
[2026-06-18 16:49:39] Starting stress cycle 139
[2026-06-18 16:51:23] Latest diagnostics: C:\Users\Benno111\Documents\GitHub\OS-MASTER\diagnostics\iso-stress-20260618-164940
[2026-06-18 16:51:23] Stress cycle 139 completed successfully
[2026-06-18 16:51:23] Sleeping 5 seconds before next cycle
[2026-06-18 16:51:28] Starting stress cycle 140
[2026-06-18 16:53:07] Latest diagnostics: C:\Users\Benno111\Documents\GitHub\OS-MASTER\diagnostics\iso-stress-20260618-165128
[2026-06-18 16:53:07] Stress cycle 140 completed successfully
[2026-06-18 16:53:07] Sleeping 5 seconds before next cycle
[2026-06-18 16:53:12] Starting stress cycle 141
[2026-06-18 16:54:51] Latest diagnostics: C:\Users\Benno111\Documents\GitHub\OS-MASTER\diagnostics\iso-stress-20260618-165312
[2026-06-18 16:54:51] Stress cycle 141 completed successfully
[2026-06-18 16:54:51] Sleeping 5 seconds before next cycle
[2026-06-18 16:54:56] Starting stress cycle 142
[2026-06-18 16:56:35] Latest diagnostics: C:\Users\Benno111\Documents\GitHub\OS-MASTER\diagnostics\iso-stress-20260618-165457
[2026-06-18 16:56:35] Stress cycle 142 completed successfully
[2026-06-18 16:56:35] Sleeping 5 seconds before next cycle
[2026-06-18 16:56:40] Starting stress cycle 143
[2026-06-18 16:58:19] Latest diagnostics: C:\Users\Benno111\Documents\GitHub\OS-MASTER\diagnostics\iso-stress-20260618-165641
[2026-06-18 16:58:19] Stress cycle 143 completed successfully
[2026-06-18 16:58:19] Sleeping 5 seconds before next cycle
[2026-06-18 16:58:24] Starting stress cycle 144
[2026-06-18 17:00:04] Latest diagnostics: C:\Users\Benno111\Documents\GitHub\OS-MASTER\diagnostics\iso-stress-20260618-165824
[2026-06-18 17:00:04] Stress cycle 144 completed successfully
[2026-06-18 17:00:04] Sleeping 5 seconds before next cycle
[2026-06-18 17:00:09] Starting stress cycle 145
[2026-06-18 17:01:49] Latest diagnostics: C:\Users\Benno111\Documents\GitHub\OS-MASTER\diagnostics\iso-stress-20260618-170010
[2026-06-18 17:01:49] Stress cycle 145 completed successfully
[2026-06-18 17:01:49] Sleeping 5 seconds before next cycle
[2026-06-18 17:01:54] Starting stress cycle 146
[2026-06-18 17:03:33] Latest diagnostics: C:\Users\Benno111\Documents\GitHub\OS-MASTER\diagnostics\iso-stress-20260618-170155
[2026-06-18 17:03:33] Stress cycle 146 completed successfully
[2026-06-18 17:03:33] Sleeping 5 seconds before next cycle
[2026-06-18 17:03:38] Starting stress cycle 147
[2026-06-18 17:05:18] Latest diagnostics: C:\Users\Benno111\Documents\GitHub\OS-MASTER\diagnostics\iso-stress-20260618-170339
[2026-06-18 17:05:18] Stress cycle 147 completed successfully
[2026-06-18 17:05:18] Sleeping 5 seconds before next cycle
[2026-06-18 17:05:23] Starting stress cycle 148
[2026-06-18 17:07:02] Latest diagnostics: C:\Users\Benno111\Documents\GitHub\OS-MASTER\diagnostics\iso-stress-20260618-170524
[2026-06-18 17:07:02] Stress cycle 148 completed successfully
[2026-06-18 17:07:02] Sleeping 5 seconds before next cycle
[2026-06-18 17:07:07] Starting stress cycle 149
[2026-06-18 17:08:47] Latest diagnostics: C:\Users\Benno111\Documents\GitHub\OS-MASTER\diagnostics\iso-stress-20260618-170708
[2026-06-18 17:08:47] Stress cycle 149 completed successfully
[2026-06-18 17:08:47] Sleeping 5 seconds before next cycle
[2026-06-18 17:08:52] Starting stress cycle 150
[2026-06-18 17:10:32] Latest diagnostics: C:\Users\Benno111\Documents\GitHub\OS-MASTER\diagnostics\iso-stress-20260618-170853
[2026-06-18 17:10:32] Stress cycle 150 completed successfully
[2026-06-18 17:10:32] Sleeping 5 seconds before next cycle
[2026-06-18 17:10:37] Starting stress cycle 151
[2026-06-18 17:12:16] Latest diagnostics: C:\Users\Benno111\Documents\GitHub\OS-MASTER\diagnostics\iso-stress-20260618-171037
[2026-06-18 17:12:16] Stress cycle 151 completed successfully
[2026-06-18 17:12:16] Sleeping 5 seconds before next cycle
[2026-06-18 17:12:21] Starting stress cycle 152
[2026-06-18 17:14:00] Latest diagnostics: C:\Users\Benno111\Documents\GitHub\OS-MASTER\diagnostics\iso-stress-20260618-171222
[2026-06-18 17:14:00] Stress cycle 152 completed successfully
[2026-06-18 17:14:00] Sleeping 5 seconds before next cycle
[2026-06-18 17:14:05] Starting stress cycle 153
[2026-06-18 17:15:45] Latest diagnostics: C:\Users\Benno111\Documents\GitHub\OS-MASTER\diagnostics\iso-stress-20260618-171406
[2026-06-18 17:15:45] Stress cycle 153 completed successfully
[2026-06-18 17:15:45] Sleeping 5 seconds before next cycle
[2026-06-18 17:15:50] Starting stress cycle 154
[2026-06-18 17:17:29] Latest diagnostics: C:\Users\Benno111\Documents\GitHub\OS-MASTER\diagnostics\iso-stress-20260618-171551
[2026-06-18 17:17:29] Stress cycle 154 completed successfully
[2026-06-18 17:17:29] Sleeping 5 seconds before next cycle
[2026-06-18 17:17:34] Starting stress cycle 155
[2026-06-18 17:19:13] Latest diagnostics: C:\Users\Benno111\Documents\GitHub\OS-MASTER\diagnostics\iso-stress-20260618-171735
[2026-06-18 17:19:13] Stress cycle 155 completed successfully
[2026-06-18 17:19:13] Sleeping 5 seconds before next cycle
[2026-06-18 17:19:18] Starting stress cycle 156
[2026-06-18 17:20:58] Latest diagnostics: C:\Users\Benno111\Documents\GitHub\OS-MASTER\diagnostics\iso-stress-20260618-171919
[2026-06-18 17:20:58] Stress cycle 156 completed successfully
[2026-06-18 17:20:58] Sleeping 5 seconds before next cycle
[2026-06-18 17:21:03] Starting stress cycle 157
[2026-06-18 17:22:42] Latest diagnostics: C:\Users\Benno111\Documents\GitHub\OS-MASTER\diagnostics\iso-stress-20260618-172104
[2026-06-18 17:22:42] Stress cycle 157 completed successfully
[2026-06-18 17:22:42] Sleeping 5 seconds before next cycle
[2026-06-18 17:22:47] Starting stress cycle 158
[2026-06-18 17:24:26] Latest diagnostics: C:\Users\Benno111\Documents\GitHub\OS-MASTER\diagnostics\iso-stress-20260618-172248
[2026-06-18 17:24:26] Stress cycle 158 completed successfully
[2026-06-18 17:24:26] Sleeping 5 seconds before next cycle
[2026-06-18 17:24:31] Starting stress cycle 159
[2026-06-18 17:26:11] Latest diagnostics: C:\Users\Benno111\Documents\GitHub\OS-MASTER\diagnostics\iso-stress-20260618-172432
[2026-06-18 17:26:11] Stress cycle 159 completed successfully
[2026-06-18 17:26:11] Sleeping 5 seconds before next cycle
[2026-06-18 17:26:16] Starting stress cycle 160
[2026-06-18 17:28:06] Latest diagnostics: C:\Users\Benno111\Documents\GitHub\OS-MASTER\diagnostics\iso-stress-20260618-172617
[2026-06-18 17:28:06] Stress cycle 160 completed successfully
[2026-06-18 17:28:06] Sleeping 5 seconds before next cycle
[2026-06-18 17:28:11] Starting stress cycle 161
[2026-06-18 17:29:48] Latest diagnostics: C:\Users\Benno111\Documents\GitHub\OS-MASTER\diagnostics\iso-stress-20260618-172811
[2026-06-18 17:29:48] Stress cycle 161 completed successfully
[2026-06-18 17:29:48] Sleeping 5 seconds before next cycle
[2026-06-18 17:29:53] Starting stress cycle 162
[2026-06-18 17:31:36] Latest diagnostics: C:\Users\Benno111\Documents\GitHub\OS-MASTER\diagnostics\iso-stress-20260618-172954
[2026-06-18 17:31:36] Stress cycle 162 completed successfully
[2026-06-18 17:31:36] Sleeping 5 seconds before next cycle
[2026-06-18 17:31:41] Starting stress cycle 163
[2026-06-18 17:33:32] Latest diagnostics: C:\Users\Benno111\Documents\GitHub\OS-MASTER\diagnostics\iso-stress-20260618-173142
[2026-06-18 17:33:32] Stress cycle 163 completed successfully
[2026-06-18 17:33:32] Sleeping 5 seconds before next cycle
[2026-06-18 17:33:37] Starting stress cycle 164
[2026-06-18 17:35:27] Latest diagnostics: C:\Users\Benno111\Documents\GitHub\OS-MASTER\diagnostics\iso-stress-20260618-173338
[2026-06-18 17:35:27] Stress cycle 164 completed successfully
[2026-06-18 17:35:27] Sleeping 5 seconds before next cycle
[2026-06-18 17:35:32] Starting stress cycle 165
[2026-06-18 17:37:13] Latest diagnostics: C:\Users\Benno111\Documents\GitHub\OS-MASTER\diagnostics\iso-stress-20260618-173533
[2026-06-18 17:37:13] Stress cycle 165 completed successfully
[2026-06-18 17:37:13] Sleeping 5 seconds before next cycle
[2026-06-18 17:37:18] Starting stress cycle 166
[2026-06-18 17:38:58] Latest diagnostics: C:\Users\Benno111\Documents\GitHub\OS-MASTER\diagnostics\iso-stress-20260618-173719
[2026-06-18 17:38:58] Stress cycle 166 completed successfully
[2026-06-18 17:38:58] Sleeping 5 seconds before next cycle
[2026-06-18 17:39:03] Starting stress cycle 167
[2026-06-18 17:40:44] Latest diagnostics: C:\Users\Benno111\Documents\GitHub\OS-MASTER\diagnostics\iso-stress-20260618-173903
[2026-06-18 17:40:44] Stress cycle 167 completed successfully
[2026-06-18 17:40:44] Sleeping 5 seconds before next cycle
[2026-06-18 17:40:49] Starting stress cycle 168
[2026-06-18 17:42:28] Latest diagnostics: C:\Users\Benno111\Documents\GitHub\OS-MASTER\diagnostics\iso-stress-20260618-174049
[2026-06-18 17:42:28] Stress cycle 168 completed successfully
[2026-06-18 17:42:28] Sleeping 5 seconds before next cycle
[2026-06-18 17:42:33] Starting stress cycle 169
[2026-06-18 17:44:16] Latest diagnostics: C:\Users\Benno111\Documents\GitHub\OS-MASTER\diagnostics\iso-stress-20260618-174234
[2026-06-18 17:44:16] Stress cycle 169 completed successfully
[2026-06-18 17:44:16] Sleeping 5 seconds before next cycle
[2026-06-18 17:44:21] Starting stress cycle 170
[2026-06-18 17:46:21] Latest diagnostics: C:\Users\Benno111\Documents\GitHub\OS-MASTER\diagnostics\iso-stress-20260618-174422
[2026-06-18 17:46:21] Stress cycle 170 completed successfully
[2026-06-18 17:46:21] Sleeping 5 seconds before next cycle
[2026-06-18 17:46:26] Starting stress cycle 171
[2026-06-18 17:48:28] Latest diagnostics: C:\Users\Benno111\Documents\GitHub\OS-MASTER\diagnostics\iso-stress-20260618-174626
[2026-06-18 17:48:28] Stress cycle 171 completed successfully
[2026-06-18 17:48:28] Sleeping 5 seconds before next cycle
[2026-06-18 17:48:33] Starting stress cycle 172
[2026-06-18 17:50:31] Latest diagnostics: C:\Users\Benno111\Documents\GitHub\OS-MASTER\diagnostics\iso-stress-20260618-174834
[2026-06-18 17:50:31] Stress cycle 172 completed successfully
[2026-06-18 17:50:31] Sleeping 5 seconds before next cycle
[2026-06-18 17:50:36] Starting stress cycle 173
[2026-06-18 17:52:33] Latest diagnostics: C:\Users\Benno111\Documents\GitHub\OS-MASTER\diagnostics\iso-stress-20260618-175037
[2026-06-18 17:52:33] Stress cycle 173 completed successfully
[2026-06-18 17:52:33] Sleeping 5 seconds before next cycle
[2026-06-18 17:52:38] Starting stress cycle 174
[2026-06-18 17:54:26] Latest diagnostics: C:\Users\Benno111\Documents\GitHub\OS-MASTER\diagnostics\iso-stress-20260618-175238
[2026-06-18 17:54:26] Stress cycle 174 completed successfully
[2026-06-18 17:54:26] Sleeping 5 seconds before next cycle
[2026-06-18 17:54:31] Starting stress cycle 175
[2026-06-18 17:56:24] Latest diagnostics: C:\Users\Benno111\Documents\GitHub\OS-MASTER\diagnostics\iso-stress-20260618-175432
[2026-06-18 17:56:24] Stress cycle 175 completed successfully
[2026-06-18 17:56:24] Sleeping 5 seconds before next cycle
[2026-06-18 17:56:29] Starting stress cycle 176
[2026-06-18 17:58:31] Latest diagnostics: C:\Users\Benno111\Documents\GitHub\OS-MASTER\diagnostics\iso-stress-20260618-175629
[2026-06-18 17:58:31] Stress cycle 176 completed successfully
[2026-06-18 17:58:31] Sleeping 5 seconds before next cycle
[2026-06-18 17:58:36] Starting stress cycle 177
[2026-06-18 18:00:32] Latest diagnostics: C:\Users\Benno111\Documents\GitHub\OS-MASTER\diagnostics\iso-stress-20260618-175837
[2026-06-18 18:00:32] Stress cycle 177 completed successfully
[2026-06-18 18:00:32] Sleeping 5 seconds before next cycle
[2026-06-18 18:00:37] Starting stress cycle 178
[2026-06-18 18:02:33] Latest diagnostics: C:\Users\Benno111\Documents\GitHub\OS-MASTER\diagnostics\iso-stress-20260618-180038
[2026-06-18 18:02:33] Stress cycle 178 completed successfully
[2026-06-18 18:02:33] Sleeping 5 seconds before next cycle
[2026-06-18 18:02:38] Starting stress cycle 179
[2026-06-18 18:04:34] Latest diagnostics: C:\Users\Benno111\Documents\GitHub\OS-MASTER\diagnostics\iso-stress-20260618-180239
[2026-06-18 18:04:34] Stress cycle 179 completed successfully
[2026-06-18 18:04:34] Sleeping 5 seconds before next cycle
[2026-06-18 18:04:39] Starting stress cycle 180
[2026-06-18 18:06:33] Latest diagnostics: C:\Users\Benno111\Documents\GitHub\OS-MASTER\diagnostics\iso-stress-20260618-180440
[2026-06-18 18:06:33] Stress cycle 180 completed successfully
[2026-06-18 18:06:33] Sleeping 5 seconds before next cycle
[2026-06-18 18:06:38] Starting stress cycle 181
[2026-06-18 18:08:29] Latest diagnostics: C:\Users\Benno111\Documents\GitHub\OS-MASTER\diagnostics\iso-stress-20260618-180638
[2026-06-18 18:08:29] Stress cycle 181 completed successfully
[2026-06-18 18:08:29] Sleeping 5 seconds before next cycle
[2026-06-18 18:08:34] Starting stress cycle 182
[2026-06-18 18:10:18] Latest diagnostics: C:\Users\Benno111\Documents\GitHub\OS-MASTER\diagnostics\iso-stress-20260618-180834
[2026-06-18 18:10:18] Stress cycle 182 completed successfully
[2026-06-18 18:10:18] Sleeping 5 seconds before next cycle
[2026-06-18 18:10:23] Starting stress cycle 183
[2026-06-18 18:12:08] Latest diagnostics: C:\Users\Benno111\Documents\GitHub\OS-MASTER\diagnostics\iso-stress-20260618-181023
[2026-06-18 18:12:08] Stress cycle 183 completed successfully
[2026-06-18 18:12:08] Sleeping 5 seconds before next cycle
[2026-06-18 18:12:13] Starting stress cycle 184
[2026-06-18 18:14:01] Latest diagnostics: C:\Users\Benno111\Documents\GitHub\OS-MASTER\diagnostics\iso-stress-20260618-181214
[2026-06-18 18:14:01] Stress cycle 184 completed successfully
[2026-06-18 18:14:01] Sleeping 5 seconds before next cycle
[2026-06-18 18:14:06] Starting stress cycle 185
[2026-06-18 18:15:50] Latest diagnostics: C:\Users\Benno111\Documents\GitHub\OS-MASTER\diagnostics\iso-stress-20260618-181406
[2026-06-18 18:15:50] Stress cycle 185 completed successfully
[2026-06-18 18:15:50] Sleeping 5 seconds before next cycle
[2026-06-18 18:15:55] Starting stress cycle 186
[2026-06-18 18:17:38] Latest diagnostics: C:\Users\Benno111\Documents\GitHub\OS-MASTER\diagnostics\iso-stress-20260618-181555
[2026-06-18 18:17:38] Stress cycle 186 completed successfully
[2026-06-18 18:17:38] Sleeping 5 seconds before next cycle
[2026-06-18 18:17:43] Starting stress cycle 187
[2026-06-18 18:19:36] Latest diagnostics: C:\Users\Benno111\Documents\GitHub\OS-MASTER\diagnostics\iso-stress-20260618-181744
[2026-06-18 18:19:36] Stress cycle 187 completed successfully
[2026-06-18 18:19:37] Sleeping 5 seconds before next cycle
[2026-06-18 18:19:42] Starting stress cycle 188
[2026-06-18 18:21:34] Latest diagnostics: C:\Users\Benno111\Documents\GitHub\OS-MASTER\diagnostics\iso-stress-20260618-181942
[2026-06-18 18:21:34] Stress cycle 188 completed successfully
[2026-06-18 18:21:34] Sleeping 5 seconds before next cycle
[2026-06-18 18:21:39] Starting stress cycle 189
[2026-06-18 18:23:31] Latest diagnostics: C:\Users\Benno111\Documents\GitHub\OS-MASTER\diagnostics\iso-stress-20260618-182139
[2026-06-18 18:23:31] Stress cycle 189 completed successfully
[2026-06-18 18:23:31] Sleeping 5 seconds before next cycle
[2026-06-18 18:23:36] Starting stress cycle 190
[2026-06-18 18:25:28] Latest diagnostics: C:\Users\Benno111\Documents\GitHub\OS-MASTER\diagnostics\iso-stress-20260618-182337
[2026-06-18 18:25:28] Stress cycle 190 completed successfully
[2026-06-18 18:25:28] Sleeping 5 seconds before next cycle
[2026-06-18 18:25:33] Starting stress cycle 191
[2026-06-18 18:27:17] Latest diagnostics: C:\Users\Benno111\Documents\GitHub\OS-MASTER\diagnostics\iso-stress-20260618-182534
[2026-06-18 18:27:17] Stress cycle 191 completed successfully
[2026-06-18 18:27:17] Sleeping 5 seconds before next cycle
[2026-06-18 18:27:22] Starting stress cycle 192
[2026-06-18 18:29:04] Latest diagnostics: C:\Users\Benno111\Documents\GitHub\OS-MASTER\diagnostics\iso-stress-20260618-182723
[2026-06-18 18:29:04] Stress cycle 192 completed successfully
[2026-06-18 18:29:04] Sleeping 5 seconds before next cycle
[2026-06-18 18:29:09] Starting stress cycle 193
[2026-06-18 18:30:52] Latest diagnostics: C:\Users\Benno111\Documents\GitHub\OS-MASTER\diagnostics\iso-stress-20260618-182910
[2026-06-18 18:30:52] Stress cycle 193 completed successfully
[2026-06-18 18:30:52] Sleeping 5 seconds before next cycle
[2026-06-18 18:30:57] Starting stress cycle 194
[2026-06-18 18:32:43] Latest diagnostics: C:\Users\Benno111\Documents\GitHub\OS-MASTER\diagnostics\iso-stress-20260618-183058
[2026-06-18 18:32:43] Stress cycle 194 completed successfully
[2026-06-18 18:32:43] Sleeping 5 seconds before next cycle
[2026-06-18 18:32:48] Starting stress cycle 195
[2026-06-18 18:34:35] Latest diagnostics: C:\Users\Benno111\Documents\GitHub\OS-MASTER\diagnostics\iso-stress-20260618-183248
[2026-06-18 18:34:35] Stress cycle 195 completed successfully
[2026-06-18 18:34:35] Sleeping 5 seconds before next cycle
[2026-06-18 18:34:40] Starting stress cycle 196
[2026-06-18 18:36:25] Latest diagnostics: C:\Users\Benno111\Documents\GitHub\OS-MASTER\diagnostics\iso-stress-20260618-183441
[2026-06-18 18:36:25] Stress cycle 196 completed successfully
[2026-06-18 18:36:25] Sleeping 5 seconds before next cycle
[2026-06-18 18:36:30] Starting stress cycle 197
[2026-06-18 18:38:15] Latest diagnostics: C:\Users\Benno111\Documents\GitHub\OS-MASTER\diagnostics\iso-stress-20260618-183630
[2026-06-18 18:38:15] Stress cycle 197 completed successfully
[2026-06-18 18:38:15] Sleeping 5 seconds before next cycle
[2026-06-18 18:38:20] Starting stress cycle 198
[2026-06-18 18:40:01] Latest diagnostics: C:\Users\Benno111\Documents\GitHub\OS-MASTER\diagnostics\iso-stress-20260618-183821
[2026-06-18 18:40:01] Stress cycle 198 completed successfully
[2026-06-18 18:40:01] Sleeping 5 seconds before next cycle
[2026-06-18 18:40:06] Starting stress cycle 199
[2026-06-18 18:41:50] Latest diagnostics: C:\Users\Benno111\Documents\GitHub\OS-MASTER\diagnostics\iso-stress-20260618-184007
[2026-06-18 18:41:50] Stress cycle 199 completed successfully
[2026-06-18 18:41:50] Sleeping 5 seconds before next cycle
[2026-06-18 18:41:55] Starting stress cycle 200
[2026-06-18 18:43:51] Latest diagnostics: C:\Users\Benno111\Documents\GitHub\OS-MASTER\diagnostics\iso-stress-20260618-184156
[2026-06-18 18:43:51] Stress cycle 200 completed successfully
[2026-06-18 18:43:51] Sleeping 5 seconds before next cycle
[2026-06-18 18:43:56] Starting stress cycle 201
[2026-06-18 18:46:07] Latest diagnostics: C:\Users\Benno111\Documents\GitHub\OS-MASTER\diagnostics\iso-stress-20260618-184357
[2026-06-18 18:46:07] Stress cycle 201 completed successfully
[2026-06-18 18:46:07] Sleeping 5 seconds before next cycle
[2026-06-18 18:46:12] Starting stress cycle 202
[2026-06-18 18:48:14] Latest diagnostics: C:\Users\Benno111\Documents\GitHub\OS-MASTER\diagnostics\iso-stress-20260618-184613
[2026-06-18 18:48:14] Stress cycle 202 completed successfully
[2026-06-18 18:48:14] Sleeping 5 seconds before next cycle
[2026-06-18 18:48:19] Starting stress cycle 203
[2026-06-18 18:50:10] Latest diagnostics: C:\Users\Benno111\Documents\GitHub\OS-MASTER\diagnostics\iso-stress-20260618-184820
[2026-06-18 18:50:10] Stress cycle 203 completed successfully
[2026-06-18 18:50:10] Sleeping 5 seconds before next cycle
[2026-06-18 18:50:15] Starting stress cycle 204
[2026-06-18 18:52:09] Latest diagnostics: C:\Users\Benno111\Documents\GitHub\OS-MASTER\diagnostics\iso-stress-20260618-185016
[2026-06-18 18:52:09] Stress cycle 204 completed successfully
[2026-06-18 18:52:09] Sleeping 5 seconds before next cycle
[2026-06-18 18:52:14] Starting stress cycle 205
[2026-06-18 18:54:06] Latest diagnostics: C:\Users\Benno111\Documents\GitHub\OS-MASTER\diagnostics\iso-stress-20260618-185215
[2026-06-18 18:54:06] Stress cycle 205 completed successfully
[2026-06-18 18:54:06] Sleeping 5 seconds before next cycle
[2026-06-18 18:54:11] Starting stress cycle 206
[2026-06-18 18:56:03] Latest diagnostics: C:\Users\Benno111\Documents\GitHub\OS-MASTER\diagnostics\iso-stress-20260618-185411
[2026-06-18 18:56:03] Stress cycle 206 completed successfully
[2026-06-18 18:56:03] Sleeping 5 seconds before next cycle
[2026-06-18 18:56:08] Starting stress cycle 207
[2026-06-18 18:58:02] Latest diagnostics: C:\Users\Benno111\Documents\GitHub\OS-MASTER\diagnostics\iso-stress-20260618-185608
[2026-06-18 18:58:02] Stress cycle 207 completed successfully
[2026-06-18 18:58:02] Sleeping 5 seconds before next cycle
[2026-06-18 18:58:07] Starting stress cycle 208
[2026-06-18 19:00:22] Latest diagnostics: C:\Users\Benno111\Documents\GitHub\OS-MASTER\diagnostics\iso-stress-20260618-185808
[2026-06-18 19:00:22] Stress cycle 208 completed successfully
[2026-06-18 19:00:23] Sleeping 5 seconds before next cycle
[2026-06-18 19:00:28] Starting stress cycle 209
[2026-06-18 19:02:21] Latest diagnostics: C:\Users\Benno111\Documents\GitHub\OS-MASTER\diagnostics\iso-stress-20260618-190028
[2026-06-18 19:02:21] Stress cycle 209 completed successfully
[2026-06-18 19:02:21] Sleeping 5 seconds before next cycle
[2026-06-18 19:02:26] Starting stress cycle 210
[2026-06-18 19:04:13] Latest diagnostics: C:\Users\Benno111\Documents\GitHub\OS-MASTER\diagnostics\iso-stress-20260618-190227
[2026-06-18 19:04:13] Stress cycle 210 completed successfully
[2026-06-18 19:04:13] Sleeping 5 seconds before next cycle
[2026-06-18 19:04:18] Starting stress cycle 211
[2026-06-18 19:06:06] Latest diagnostics: C:\Users\Benno111\Documents\GitHub\OS-MASTER\diagnostics\iso-stress-20260618-190418
[2026-06-18 19:06:06] Stress cycle 211 completed successfully
[2026-06-18 19:06:06] Sleeping 5 seconds before next cycle
[2026-06-18 19:06:11] Starting stress cycle 212
[2026-06-18 19:08:00] Latest diagnostics: C:\Users\Benno111\Documents\GitHub\OS-MASTER\diagnostics\iso-stress-20260618-190611
[2026-06-18 19:08:00] Stress cycle 212 completed successfully
[2026-06-18 19:08:00] Sleeping 5 seconds before next cycle
[2026-06-18 19:08:05] Starting stress cycle 213
[2026-06-18 19:09:58] Latest diagnostics: C:\Users\Benno111\Documents\GitHub\OS-MASTER\diagnostics\iso-stress-20260618-190806
[2026-06-18 19:09:58] Stress cycle 213 completed successfully
[2026-06-18 19:09:58] Sleeping 5 seconds before next cycle
[2026-06-18 19:10:03] Starting stress cycle 214
[2026-06-18 19:11:53] Latest diagnostics: C:\Users\Benno111\Documents\GitHub\OS-MASTER\diagnostics\iso-stress-20260618-191003
[2026-06-18 19:11:53] Stress cycle 214 completed successfully
[2026-06-18 19:11:53] Sleeping 5 seconds before next cycle
[2026-06-18 19:11:58] Starting stress cycle 215
[2026-06-18 19:13:51] Latest diagnostics: C:\Users\Benno111\Documents\GitHub\OS-MASTER\diagnostics\iso-stress-20260618-191158
[2026-06-18 19:13:51] Stress cycle 215 completed successfully
[2026-06-18 19:13:51] Sleeping 5 seconds before next cycle
[2026-06-18 19:13:57] Starting stress cycle 216
[2026-06-18 19:15:52] Latest diagnostics: C:\Users\Benno111\Documents\GitHub\OS-MASTER\diagnostics\iso-stress-20260618-191357
[2026-06-18 19:15:52] Stress cycle 216 completed successfully
[2026-06-18 19:15:52] Sleeping 5 seconds before next cycle
[2026-06-18 19:15:57] Starting stress cycle 217
[2026-06-18 19:17:51] Latest diagnostics: C:\Users\Benno111\Documents\GitHub\OS-MASTER\diagnostics\iso-stress-20260618-191558
[2026-06-18 19:17:51] Stress cycle 217 completed successfully
[2026-06-18 19:17:51] Sleeping 5 seconds before next cycle
[2026-06-18 19:17:56] Starting stress cycle 218
[2026-06-18 19:19:51] Latest diagnostics: C:\Users\Benno111\Documents\GitHub\OS-MASTER\diagnostics\iso-stress-20260618-191756
[2026-06-18 19:19:51] Stress cycle 218 completed successfully
[2026-06-18 19:19:51] Sleeping 5 seconds before next cycle
[2026-06-18 19:19:56] Starting stress cycle 219
[2026-06-18 19:21:48] Latest diagnostics: C:\Users\Benno111\Documents\GitHub\OS-MASTER\diagnostics\iso-stress-20260618-191957
[2026-06-18 19:21:48] Stress cycle 219 completed successfully
[2026-06-18 19:21:48] Sleeping 5 seconds before next cycle
[2026-06-18 19:21:53] Starting stress cycle 220
[2026-06-18 19:23:44] Latest diagnostics: C:\Users\Benno111\Documents\GitHub\OS-MASTER\diagnostics\iso-stress-20260618-192153
[2026-06-18 19:23:44] Stress cycle 220 completed successfully
[2026-06-18 19:23:44] Sleeping 5 seconds before next cycle
[2026-06-18 19:23:49] Starting stress cycle 221
[2026-06-18 19:25:37] Latest diagnostics: C:\Users\Benno111\Documents\GitHub\OS-MASTER\diagnostics\iso-stress-20260618-192350
[2026-06-18 19:25:37] Stress cycle 221 completed successfully
[2026-06-18 19:25:37] Sleeping 5 seconds before next cycle
[2026-06-18 19:25:42] Starting stress cycle 222
[2026-06-18 19:27:28] Latest diagnostics: C:\Users\Benno111\Documents\GitHub\OS-MASTER\diagnostics\iso-stress-20260618-192543
[2026-06-18 19:27:28] Stress cycle 222 completed successfully
[2026-06-18 19:27:28] Sleeping 5 seconds before next cycle
[2026-06-18 19:27:33] Starting stress cycle 223
[2026-06-18 19:29:44] Latest diagnostics: C:\Users\Benno111\Documents\GitHub\OS-MASTER\diagnostics\iso-stress-20260618-192733
[2026-06-18 19:29:44] Stress cycle 223 completed successfully
[2026-06-18 19:29:44] Sleeping 5 seconds before next cycle
[2026-06-18 19:29:49] Starting stress cycle 224
[2026-06-18 19:31:43] Latest diagnostics: C:\Users\Benno111\Documents\GitHub\OS-MASTER\diagnostics\iso-stress-20260618-192950
[2026-06-18 19:31:43] Stress cycle 224 completed successfully
[2026-06-18 19:31:43] Sleeping 5 seconds before next cycle
[2026-06-18 19:31:48] Starting stress cycle 225
[2026-06-18 19:33:42] Latest diagnostics: C:\Users\Benno111\Documents\GitHub\OS-MASTER\diagnostics\iso-stress-20260618-193149
[2026-06-18 19:33:42] Stress cycle 225 completed successfully
[2026-06-18 19:33:42] Sleeping 5 seconds before next cycle
[2026-06-18 19:33:47] Starting stress cycle 226
[2026-06-18 19:35:33] Latest diagnostics: C:\Users\Benno111\Documents\GitHub\OS-MASTER\diagnostics\iso-stress-20260618-193347
[2026-06-18 19:35:33] Stress cycle 226 completed successfully
[2026-06-18 19:35:33] Sleeping 5 seconds before next cycle
[2026-06-18 19:35:38] Starting stress cycle 227
[2026-06-18 19:37:33] Latest diagnostics: C:\Users\Benno111\Documents\GitHub\OS-MASTER\diagnostics\iso-stress-20260618-193539
[2026-06-18 19:37:33] Stress cycle 227 completed successfully
[2026-06-18 19:37:33] Sleeping 5 seconds before next cycle
[2026-06-18 19:37:38] Starting stress cycle 228
[2026-06-18 19:39:26] Latest diagnostics: C:\Users\Benno111\Documents\GitHub\OS-MASTER\diagnostics\iso-stress-20260618-193739
[2026-06-18 19:39:26] Stress cycle 228 completed successfully
[2026-06-18 19:39:26] Sleeping 5 seconds before next cycle
[2026-06-18 19:39:31] Starting stress cycle 229
[2026-06-18 19:41:20] Latest diagnostics: C:\Users\Benno111\Documents\GitHub\OS-MASTER\diagnostics\iso-stress-20260618-193932
[2026-06-18 19:41:20] Stress cycle 229 completed successfully
[2026-06-18 19:41:20] Sleeping 5 seconds before next cycle
[2026-06-18 19:41:25] Starting stress cycle 230
[2026-06-18 19:43:15] Latest diagnostics: C:\Users\Benno111\Documents\GitHub\OS-MASTER\diagnostics\iso-stress-20260618-194125
[2026-06-18 19:43:15] Stress cycle 230 completed successfully
[2026-06-18 19:43:15] Sleeping 5 seconds before next cycle
[2026-06-18 19:43:20] Starting stress cycle 231
[2026-06-18 19:45:07] Latest diagnostics: C:\Users\Benno111\Documents\GitHub\OS-MASTER\diagnostics\iso-stress-20260618-194321
[2026-06-18 19:45:07] Stress cycle 231 completed successfully
[2026-06-18 19:45:07] Sleeping 5 seconds before next cycle
[2026-06-18 19:45:12] Starting stress cycle 232
[2026-06-18 19:46:57] Latest diagnostics: C:\Users\Benno111\Documents\GitHub\OS-MASTER\diagnostics\iso-stress-20260618-194512
[2026-06-18 19:46:57] Stress cycle 232 completed successfully
[2026-06-18 19:46:57] Sleeping 5 seconds before next cycle
[2026-06-18 19:47:02] Starting stress cycle 233
[2026-06-18 19:48:45] Latest diagnostics: C:\Users\Benno111\Documents\GitHub\OS-MASTER\diagnostics\iso-stress-20260618-194703
[2026-06-18 19:48:45] Stress cycle 233 completed successfully
[2026-06-18 19:48:45] Sleeping 5 seconds before next cycle
[2026-06-18 19:48:50] Starting stress cycle 234
[2026-06-18 19:50:32] Latest diagnostics: C:\Users\Benno111\Documents\GitHub\OS-MASTER\diagnostics\iso-stress-20260618-194850
[2026-06-18 19:50:32] Stress cycle 234 completed successfully
[2026-06-18 19:50:32] Sleeping 5 seconds before next cycle
[2026-06-18 19:50:37] Starting stress cycle 235
[2026-06-18 19:52:17] Latest diagnostics: C:\Users\Benno111\Documents\GitHub\OS-MASTER\diagnostics\iso-stress-20260618-195038
[2026-06-18 19:52:17] Stress cycle 235 completed successfully
[2026-06-18 19:52:17] Sleeping 5 seconds before next cycle
[2026-06-18 19:52:22] Starting stress cycle 236
[2026-06-18 19:54:01] Latest diagnostics: C:\Users\Benno111\Documents\GitHub\OS-MASTER\diagnostics\iso-stress-20260618-195222
[2026-06-18 19:54:01] Stress cycle 236 completed successfully
[2026-06-18 19:54:01] Sleeping 5 seconds before next cycle
[2026-06-18 19:54:06] Starting stress cycle 237
[2026-06-18 19:55:48] Latest diagnostics: C:\Users\Benno111\Documents\GitHub\OS-MASTER\diagnostics\iso-stress-20260618-195407
[2026-06-18 19:55:48] Stress cycle 237 completed successfully
[2026-06-18 19:55:48] Sleeping 5 seconds before next cycle
[2026-06-18 19:55:53] Starting stress cycle 238
[2026-06-18 19:57:32] Latest diagnostics: C:\Users\Benno111\Documents\GitHub\OS-MASTER\diagnostics\iso-stress-20260618-195554
[2026-06-18 19:57:32] Stress cycle 238 completed successfully
[2026-06-18 19:57:32] Sleeping 5 seconds before next cycle
[2026-06-18 19:57:37] Starting stress cycle 239
[2026-06-18 19:59:16] Latest diagnostics: C:\Users\Benno111\Documents\GitHub\OS-MASTER\diagnostics\iso-stress-20260618-195737
[2026-06-18 19:59:16] Stress cycle 239 completed successfully
[2026-06-18 19:59:16] Sleeping 5 seconds before next cycle
[2026-06-18 19:59:21] Starting stress cycle 240
[2026-06-18 20:01:06] Latest diagnostics: C:\Users\Benno111\Documents\GitHub\OS-MASTER\diagnostics\iso-stress-20260618-195921
[2026-06-18 20:01:06] Stress cycle 240 completed successfully
[2026-06-18 20:01:06] Sleeping 5 seconds before next cycle
[2026-06-18 20:01:11] Starting stress cycle 241
[2026-06-18 20:02:54] Latest diagnostics: C:\Users\Benno111\Documents\GitHub\OS-MASTER\diagnostics\iso-stress-20260618-200111
[2026-06-18 20:02:54] Stress cycle 241 completed successfully
[2026-06-18 20:02:54] Sleeping 5 seconds before next cycle
[2026-06-18 20:02:59] Starting stress cycle 242
[2026-06-18 20:04:43] Latest diagnostics: C:\Users\Benno111\Documents\GitHub\OS-MASTER\diagnostics\iso-stress-20260618-200259
[2026-06-18 20:04:43] Stress cycle 242 completed successfully
[2026-06-18 20:04:43] Sleeping 5 seconds before next cycle
[2026-06-18 20:04:48] Starting stress cycle 243
[2026-06-18 20:06:32] Latest diagnostics: C:\Users\Benno111\Documents\GitHub\OS-MASTER\diagnostics\iso-stress-20260618-200449
[2026-06-18 20:06:32] Stress cycle 243 completed successfully
[2026-06-18 20:06:32] Sleeping 5 seconds before next cycle
[2026-06-18 20:06:37] Starting stress cycle 244
[2026-06-18 20:08:22] Latest diagnostics: C:\Users\Benno111\Documents\GitHub\OS-MASTER\diagnostics\iso-stress-20260618-200637
[2026-06-18 20:08:22] Stress cycle 244 completed successfully
[2026-06-18 20:08:22] Sleeping 5 seconds before next cycle
[2026-06-18 20:08:27] Starting stress cycle 245
[2026-06-18 20:10:10] Latest diagnostics: C:\Users\Benno111\Documents\GitHub\OS-MASTER\diagnostics\iso-stress-20260618-200827
[2026-06-18 20:10:10] Stress cycle 245 completed successfully
[2026-06-18 20:10:10] Sleeping 5 seconds before next cycle
[2026-06-18 20:10:15] Starting stress cycle 246
[2026-06-18 20:11:59] Latest diagnostics: C:\Users\Benno111\Documents\GitHub\OS-MASTER\diagnostics\iso-stress-20260618-201016
[2026-06-18 20:11:59] Stress cycle 246 completed successfully
[2026-06-18 20:11:59] Sleeping 5 seconds before next cycle
[2026-06-18 20:12:04] Starting stress cycle 247
[2026-06-18 20:13:47] Latest diagnostics: C:\Users\Benno111\Documents\GitHub\OS-MASTER\diagnostics\iso-stress-20260618-201205
[2026-06-18 20:13:47] Stress cycle 247 completed successfully
[2026-06-18 20:13:47] Sleeping 5 seconds before next cycle
[2026-06-18 20:13:52] Starting stress cycle 248
[2026-06-18 20:15:36] Latest diagnostics: C:\Users\Benno111\Documents\GitHub\OS-MASTER\diagnostics\iso-stress-20260618-201352
[2026-06-18 20:15:36] Stress cycle 248 completed successfully
[2026-06-18 20:15:36] Sleeping 5 seconds before next cycle
[2026-06-18 20:15:41] Starting stress cycle 249
[2026-06-18 20:17:24] Latest diagnostics: C:\Users\Benno111\Documents\GitHub\OS-MASTER\diagnostics\iso-stress-20260618-201542
[2026-06-18 20:17:24] Stress cycle 249 completed successfully
[2026-06-18 20:17:24] Sleeping 5 seconds before next cycle
[2026-06-18 20:17:29] Starting stress cycle 250
[2026-06-18 20:19:13] Latest diagnostics: C:\Users\Benno111\Documents\GitHub\OS-MASTER\diagnostics\iso-stress-20260618-201730
[2026-06-18 20:19:13] Stress cycle 250 completed successfully
[2026-06-18 20:19:13] Sleeping 5 seconds before next cycle
[2026-06-18 20:19:18] Starting stress cycle 251
[2026-06-18 20:20:59] Latest diagnostics: C:\Users\Benno111\Documents\GitHub\OS-MASTER\diagnostics\iso-stress-20260618-201919
[2026-06-18 20:20:59] Stress cycle 251 completed successfully
[2026-06-18 20:20:59] Sleeping 5 seconds before next cycle
[2026-06-18 20:21:04] Starting stress cycle 252
[2026-06-18 20:22:44] Latest diagnostics: C:\Users\Benno111\Documents\GitHub\OS-MASTER\diagnostics\iso-stress-20260618-202104
[2026-06-18 20:22:44] Stress cycle 252 completed successfully
[2026-06-18 20:22:44] Sleeping 5 seconds before next cycle
[2026-06-18 20:22:49] Starting stress cycle 253
[2026-06-18 20:24:28] Latest diagnostics: C:\Users\Benno111\Documents\GitHub\OS-MASTER\diagnostics\iso-stress-20260618-202249
[2026-06-18 20:24:28] Stress cycle 253 completed successfully
[2026-06-18 20:24:28] Sleeping 5 seconds before next cycle
[2026-06-18 20:24:33] Starting stress cycle 254
[2026-06-18 20:26:12] Latest diagnostics: C:\Users\Benno111\Documents\GitHub\OS-MASTER\diagnostics\iso-stress-20260618-202433
[2026-06-18 20:26:12] Stress cycle 254 completed successfully
[2026-06-18 20:26:12] Sleeping 5 seconds before next cycle
[2026-06-18 20:26:17] Starting stress cycle 255
[2026-06-18 20:27:57] Latest diagnostics: C:\Users\Benno111\Documents\GitHub\OS-MASTER\diagnostics\iso-stress-20260618-202617
[2026-06-18 20:27:57] Stress cycle 255 completed successfully
[2026-06-18 20:27:57] Sleeping 5 seconds before next cycle
[2026-06-18 20:28:02] Starting stress cycle 256
[2026-06-18 20:29:41] Latest diagnostics: C:\Users\Benno111\Documents\GitHub\OS-MASTER\diagnostics\iso-stress-20260618-202802
[2026-06-18 20:29:41] Stress cycle 256 completed successfully
[2026-06-18 20:29:41] Sleeping 5 seconds before next cycle
[2026-06-18 20:29:46] Starting stress cycle 257
[2026-06-18 20:31:25] Latest diagnostics: C:\Users\Benno111\Documents\GitHub\OS-MASTER\diagnostics\iso-stress-20260618-202946
[2026-06-18 20:31:25] Stress cycle 257 completed successfully
[2026-06-18 20:31:25] Sleeping 5 seconds before next cycle
[2026-06-18 20:31:30] Starting stress cycle 258
[2026-06-18 20:33:10] Latest diagnostics: C:\Users\Benno111\Documents\GitHub\OS-MASTER\diagnostics\iso-stress-20260618-203131
[2026-06-18 20:33:10] Stress cycle 258 completed successfully
[2026-06-18 20:33:10] Sleeping 5 seconds before next cycle
[2026-06-18 20:33:15] Starting stress cycle 259
[2026-06-18 20:34:54] Latest diagnostics: C:\Users\Benno111\Documents\GitHub\OS-MASTER\diagnostics\iso-stress-20260618-203315
[2026-06-18 20:34:54] Stress cycle 259 completed successfully
[2026-06-18 20:34:54] Sleeping 5 seconds before next cycle
[2026-06-18 20:34:59] Starting stress cycle 260
[2026-06-18 20:36:39] Latest diagnostics: C:\Users\Benno111\Documents\GitHub\OS-MASTER\diagnostics\iso-stress-20260618-203459
[2026-06-18 20:36:39] Stress cycle 260 completed successfully
[2026-06-18 20:36:39] Sleeping 5 seconds before next cycle
[2026-06-18 20:36:44] Starting stress cycle 261
[2026-06-18 20:38:23] Latest diagnostics: C:\Users\Benno111\Documents\GitHub\OS-MASTER\diagnostics\iso-stress-20260618-203644
[2026-06-18 20:38:23] Stress cycle 261 completed successfully
[2026-06-18 20:38:23] Sleeping 5 seconds before next cycle
[2026-06-18 20:38:28] Starting stress cycle 262
[2026-06-18 20:40:07] Latest diagnostics: C:\Users\Benno111\Documents\GitHub\OS-MASTER\diagnostics\iso-stress-20260618-203829
[2026-06-18 20:40:07] Stress cycle 262 completed successfully
[2026-06-18 20:40:07] Sleeping 5 seconds before next cycle
[2026-06-18 20:40:12] Starting stress cycle 263
[2026-06-18 20:41:52] Latest diagnostics: C:\Users\Benno111\Documents\GitHub\OS-MASTER\diagnostics\iso-stress-20260618-204013
[2026-06-18 20:41:52] Stress cycle 263 completed successfully
[2026-06-18 20:41:52] Sleeping 5 seconds before next cycle
[2026-06-18 20:41:57] Starting stress cycle 264
[2026-06-18 20:43:37] Latest diagnostics: C:\Users\Benno111\Documents\GitHub\OS-MASTER\diagnostics\iso-stress-20260618-204158
[2026-06-18 20:43:37] Stress cycle 264 completed successfully
[2026-06-18 20:43:37] Sleeping 5 seconds before next cycle
[2026-06-18 20:43:42] Starting stress cycle 265
[2026-06-18 20:45:21] Latest diagnostics: C:\Users\Benno111\Documents\GitHub\OS-MASTER\diagnostics\iso-stress-20260618-204342
[2026-06-18 20:45:21] Stress cycle 265 completed successfully
[2026-06-18 20:45:21] Sleeping 5 seconds before next cycle
[2026-06-18 20:45:26] Starting stress cycle 266
[2026-06-18 20:47:06] Latest diagnostics: C:\Users\Benno111\Documents\GitHub\OS-MASTER\diagnostics\iso-stress-20260618-204526
[2026-06-18 20:47:06] Stress cycle 266 completed successfully
[2026-06-18 20:47:06] Sleeping 5 seconds before next cycle
[2026-06-18 20:47:11] Starting stress cycle 267
[2026-06-18 20:48:50] Latest diagnostics: C:\Users\Benno111\Documents\GitHub\OS-MASTER\diagnostics\iso-stress-20260618-204712
[2026-06-18 20:48:50] Stress cycle 267 completed successfully
[2026-06-18 20:48:50] Sleeping 5 seconds before next cycle
[2026-06-18 20:48:55] Starting stress cycle 268
[2026-06-18 20:50:42] Latest diagnostics: C:\Users\Benno111\Documents\GitHub\OS-MASTER\diagnostics\iso-stress-20260618-204856
[2026-06-18 20:50:42] Stress cycle 268 completed successfully
[2026-06-18 20:50:42] Sleeping 5 seconds before next cycle
[2026-06-18 20:50:47] Starting stress cycle 269
[2026-06-18 20:52:32] Latest diagnostics: C:\Users\Benno111\Documents\GitHub\OS-MASTER\diagnostics\iso-stress-20260618-205048
[2026-06-18 20:52:32] Stress cycle 269 completed successfully
[2026-06-18 20:52:32] Sleeping 5 seconds before next cycle
[2026-06-18 20:52:37] Starting stress cycle 270
[2026-06-18 20:54:22] Latest diagnostics: C:\Users\Benno111\Documents\GitHub\OS-MASTER\diagnostics\iso-stress-20260618-205237
[2026-06-18 20:54:22] Stress cycle 270 completed successfully
[2026-06-18 20:54:22] Sleeping 5 seconds before next cycle
[2026-06-18 20:54:27] Starting stress cycle 271
[2026-06-18 20:56:11] Latest diagnostics: C:\Users\Benno111\Documents\GitHub\OS-MASTER\diagnostics\iso-stress-20260618-205428
[2026-06-18 20:56:11] Stress cycle 271 completed successfully
[2026-06-18 20:56:11] Sleeping 5 seconds before next cycle
[2026-06-18 20:56:16] Starting stress cycle 272
[2026-06-18 20:58:00] Latest diagnostics: C:\Users\Benno111\Documents\GitHub\OS-MASTER\diagnostics\iso-stress-20260618-205617
[2026-06-18 20:58:00] Stress cycle 272 completed successfully
[2026-06-18 20:58:00] Sleeping 5 seconds before next cycle
[2026-06-18 20:58:05] Starting stress cycle 273
[2026-06-18 20:59:51] Latest diagnostics: C:\Users\Benno111\Documents\GitHub\OS-MASTER\diagnostics\iso-stress-20260618-205805
[2026-06-18 20:59:51] Stress cycle 273 completed successfully
[2026-06-18 20:59:51] Sleeping 5 seconds before next cycle
[2026-06-18 20:59:56] Starting stress cycle 274
[2026-06-18 21:01:42] Latest diagnostics: C:\Users\Benno111\Documents\GitHub\OS-MASTER\diagnostics\iso-stress-20260618-205957
[2026-06-18 21:01:42] Stress cycle 274 completed successfully
[2026-06-18 21:01:42] Sleeping 5 seconds before next cycle
[2026-06-18 21:01:47] Starting stress cycle 275
[2026-06-18 21:03:35] Latest diagnostics: C:\Users\Benno111\Documents\GitHub\OS-MASTER\diagnostics\iso-stress-20260618-210147
[2026-06-18 21:03:35] Stress cycle 275 completed successfully
[2026-06-18 21:03:35] Sleeping 5 seconds before next cycle
[2026-06-18 21:03:40] Starting stress cycle 276
[2026-06-18 21:05:26] Latest diagnostics: C:\Users\Benno111\Documents\GitHub\OS-MASTER\diagnostics\iso-stress-20260618-210340
[2026-06-18 21:05:26] Stress cycle 276 completed successfully
[2026-06-18 21:05:26] Sleeping 5 seconds before next cycle
[2026-06-18 21:05:31] Starting stress cycle 277
[2026-06-18 21:07:15] Latest diagnostics: C:\Users\Benno111\Documents\GitHub\OS-MASTER\diagnostics\iso-stress-20260618-210531
[2026-06-18 21:07:15] Stress cycle 277 completed successfully
[2026-06-18 21:07:15] Sleeping 5 seconds before next cycle
[2026-06-18 21:07:20] Starting stress cycle 278
[2026-06-18 21:09:27] Latest diagnostics: C:\Users\Benno111\Documents\GitHub\OS-MASTER\diagnostics\iso-stress-20260618-210721
[2026-06-18 21:09:27] Stress cycle 278 completed successfully
[2026-06-18 21:09:27] Sleeping 5 seconds before next cycle
[2026-06-18 21:09:32] Starting stress cycle 279
[2026-06-18 21:11:21] Latest diagnostics: C:\Users\Benno111\Documents\GitHub\OS-MASTER\diagnostics\iso-stress-20260618-210933
[2026-06-18 21:11:21] Stress cycle 279 completed successfully
[2026-06-18 21:11:21] Sleeping 5 seconds before next cycle
[2026-06-18 21:11:26] Starting stress cycle 280
[2026-06-18 21:13:10] Latest diagnostics: C:\Users\Benno111\Documents\GitHub\OS-MASTER\diagnostics\iso-stress-20260618-211126
[2026-06-18 21:13:10] Stress cycle 280 completed successfully
[2026-06-18 21:13:10] Sleeping 5 seconds before next cycle
[2026-06-18 21:13:15] Starting stress cycle 281
[2026-06-18 21:14:57] Latest diagnostics: C:\Users\Benno111\Documents\GitHub\OS-MASTER\diagnostics\iso-stress-20260618-211315
[2026-06-18 21:14:57] Stress cycle 281 completed successfully
[2026-06-18 21:14:57] Sleeping 5 seconds before next cycle
[2026-06-18 21:15:02] Starting stress cycle 282
[2026-06-18 21:16:46] Latest diagnostics: C:\Users\Benno111\Documents\GitHub\OS-MASTER\diagnostics\iso-stress-20260618-211502
[2026-06-18 21:16:46] Stress cycle 282 completed successfully
[2026-06-18 21:16:46] Sleeping 5 seconds before next cycle
[2026-06-18 21:16:51] Starting stress cycle 283
[2026-06-18 21:18:40] Latest diagnostics: C:\Users\Benno111\Documents\GitHub\OS-MASTER\diagnostics\iso-stress-20260618-211652
[2026-06-18 21:18:40] Stress cycle 283 completed successfully
[2026-06-18 21:18:40] Sleeping 5 seconds before next cycle
[2026-06-18 21:18:45] Starting stress cycle 284
[2026-06-18 21:20:29] Latest diagnostics: C:\Users\Benno111\Documents\GitHub\OS-MASTER\diagnostics\iso-stress-20260618-211846
[2026-06-18 21:20:29] Stress cycle 284 completed successfully
[2026-06-18 21:20:29] Sleeping 5 seconds before next cycle
[2026-06-18 21:20:34] Starting stress cycle 285
[2026-06-18 21:22:16] Latest diagnostics: C:\Users\Benno111\Documents\GitHub\OS-MASTER\diagnostics\iso-stress-20260618-212034
[2026-06-18 21:22:16] Stress cycle 285 completed successfully
[2026-06-18 21:22:16] Sleeping 5 seconds before next cycle
[2026-06-18 21:22:21] Starting stress cycle 286
[2026-06-18 21:24:03] Latest diagnostics: C:\Users\Benno111\Documents\GitHub\OS-MASTER\diagnostics\iso-stress-20260618-212222
[2026-06-18 21:24:03] Stress cycle 286 completed successfully
[2026-06-18 21:24:03] Sleeping 5 seconds before next cycle
[2026-06-18 21:24:08] Starting stress cycle 287
[2026-06-18 21:25:48] Latest diagnostics: C:\Users\Benno111\Documents\GitHub\OS-MASTER\diagnostics\iso-stress-20260618-212408
[2026-06-18 21:25:48] Stress cycle 287 completed successfully
[2026-06-18 21:25:48] Sleeping 5 seconds before next cycle
[2026-06-18 21:25:53] Starting stress cycle 288
[2026-06-18 21:27:32] Latest diagnostics: C:\Users\Benno111\Documents\GitHub\OS-MASTER\diagnostics\iso-stress-20260618-212553
[2026-06-18 21:27:32] Stress cycle 288 completed successfully
[2026-06-18 21:27:32] Sleeping 5 seconds before next cycle
[2026-06-18 21:27:37] Starting stress cycle 289
[2026-06-18 21:29:22] Latest diagnostics: C:\Users\Benno111\Documents\GitHub\OS-MASTER\diagnostics\iso-stress-20260618-212737
[2026-06-18 21:29:22] Stress cycle 289 completed successfully
[2026-06-18 21:29:22] Sleeping 5 seconds before next cycle
[2026-06-18 21:29:27] Starting stress cycle 290
[2026-06-18 21:31:20] Latest diagnostics: C:\Users\Benno111\Documents\GitHub\OS-MASTER\diagnostics\iso-stress-20260618-212927
[2026-06-18 21:31:20] Stress cycle 290 completed successfully
[2026-06-18 21:31:20] Sleeping 5 seconds before next cycle
[2026-06-18 21:31:25] Starting stress cycle 291
[2026-06-18 21:33:15] Latest diagnostics: C:\Users\Benno111\Documents\GitHub\OS-MASTER\diagnostics\iso-stress-20260618-213126
[2026-06-18 21:33:15] Stress cycle 291 completed successfully
[2026-06-18 21:33:15] Sleeping 5 seconds before next cycle
[2026-06-18 21:33:20] Starting stress cycle 292
[2026-06-18 21:35:09] Latest diagnostics: C:\Users\Benno111\Documents\GitHub\OS-MASTER\diagnostics\iso-stress-20260618-213321
[2026-06-18 21:35:09] Stress cycle 292 completed successfully
[2026-06-18 21:35:09] Sleeping 5 seconds before next cycle
[2026-06-18 21:35:15] Starting stress cycle 293
[2026-06-18 21:37:01] Latest diagnostics: C:\Users\Benno111\Documents\GitHub\OS-MASTER\diagnostics\iso-stress-20260618-213515
[2026-06-18 21:37:01] Stress cycle 293 completed successfully
[2026-06-18 21:37:01] Sleeping 5 seconds before next cycle
[2026-06-18 21:37:06] Starting stress cycle 294
[2026-06-18 21:38:48] Latest diagnostics: C:\Users\Benno111\Documents\GitHub\OS-MASTER\diagnostics\iso-stress-20260618-213706
[2026-06-18 21:38:48] Stress cycle 294 completed successfully
[2026-06-18 21:38:48] Sleeping 5 seconds before next cycle
[2026-06-18 21:38:53] Starting stress cycle 295
[2026-06-18 21:40:39] Latest diagnostics: C:\Users\Benno111\Documents\GitHub\OS-MASTER\diagnostics\iso-stress-20260618-213854
[2026-06-18 21:40:39] Stress cycle 295 completed successfully
[2026-06-18 21:40:39] Sleeping 5 seconds before next cycle
[2026-06-18 21:40:44] Starting stress cycle 296
[2026-06-18 21:42:28] Latest diagnostics: C:\Users\Benno111\Documents\GitHub\OS-MASTER\diagnostics\iso-stress-20260618-214045
[2026-06-18 21:42:28] Stress cycle 296 completed successfully
[2026-06-18 21:42:28] Sleeping 5 seconds before next cycle
[2026-06-18 21:42:33] Starting stress cycle 297
[2026-06-18 21:44:17] Latest diagnostics: C:\Users\Benno111\Documents\GitHub\OS-MASTER\diagnostics\iso-stress-20260618-214233
[2026-06-18 21:44:17] Stress cycle 297 completed successfully
[2026-06-18 21:44:17] Sleeping 5 seconds before next cycle
[2026-06-18 21:44:22] Starting stress cycle 298
[2026-06-18 21:46:06] Latest diagnostics: C:\Users\Benno111\Documents\GitHub\OS-MASTER\diagnostics\iso-stress-20260618-214423
[2026-06-18 21:46:06] Stress cycle 298 completed successfully
[2026-06-18 21:46:06] Sleeping 5 seconds before next cycle
[2026-06-18 21:46:11] Starting stress cycle 299
[2026-06-18 21:47:56] Latest diagnostics: C:\Users\Benno111\Documents\GitHub\OS-MASTER\diagnostics\iso-stress-20260618-214612
[2026-06-18 21:47:56] Stress cycle 299 completed successfully
[2026-06-18 21:47:56] Sleeping 5 seconds before next cycle
[2026-06-18 21:48:02] Starting stress cycle 300
[2026-06-18 21:49:46] Latest diagnostics: C:\Users\Benno111\Documents\GitHub\OS-MASTER\diagnostics\iso-stress-20260618-214802
[2026-06-18 21:49:46] Stress cycle 300 completed successfully
[2026-06-18 21:49:46] Sleeping 5 seconds before next cycle
[2026-06-18 21:49:51] Starting stress cycle 301
[2026-06-18 21:51:36] Latest diagnostics: C:\Users\Benno111\Documents\GitHub\OS-MASTER\diagnostics\iso-stress-20260618-214951
[2026-06-18 21:51:36] Stress cycle 301 completed successfully
[2026-06-18 21:51:36] Sleeping 5 seconds before next cycle
[2026-06-18 21:51:41] Starting stress cycle 302
[2026-06-18 21:53:25] Latest diagnostics: C:\Users\Benno111\Documents\GitHub\OS-MASTER\diagnostics\iso-stress-20260618-215141
[2026-06-18 21:53:25] Stress cycle 302 completed successfully
[2026-06-18 21:53:25] Sleeping 5 seconds before next cycle
[2026-06-18 21:53:30] Starting stress cycle 303
[2026-06-18 21:55:15] Latest diagnostics: C:\Users\Benno111\Documents\GitHub\OS-MASTER\diagnostics\iso-stress-20260618-215331
[2026-06-18 21:55:15] Stress cycle 303 completed successfully
[2026-06-18 21:55:15] Sleeping 5 seconds before next cycle
[2026-06-18 21:55:20] Starting stress cycle 304
[2026-06-18 21:57:05] Latest diagnostics: C:\Users\Benno111\Documents\GitHub\OS-MASTER\diagnostics\iso-stress-20260618-215521
[2026-06-18 21:57:05] Stress cycle 304 completed successfully
[2026-06-18 21:57:05] Sleeping 5 seconds before next cycle
[2026-06-18 21:57:10] Starting stress cycle 305
[2026-06-18 21:58:54] Latest diagnostics: C:\Users\Benno111\Documents\GitHub\OS-MASTER\diagnostics\iso-stress-20260618-215710
[2026-06-18 21:58:54] Stress cycle 305 completed successfully
[2026-06-18 21:58:54] Sleeping 5 seconds before next cycle
[2026-06-18 21:58:59] Starting stress cycle 306
[2026-06-18 22:00:45] Latest diagnostics: C:\Users\Benno111\Documents\GitHub\OS-MASTER\diagnostics\iso-stress-20260618-215900
[2026-06-18 22:00:45] Stress cycle 306 completed successfully
[2026-06-18 22:00:45] Sleeping 5 seconds before next cycle
[2026-06-18 22:00:50] Starting stress cycle 307
[2026-06-18 22:02:38] Latest diagnostics: C:\Users\Benno111\Documents\GitHub\OS-MASTER\diagnostics\iso-stress-20260618-220050
[2026-06-18 22:02:38] Stress cycle 307 completed successfully
[2026-06-18 22:02:38] Sleeping 5 seconds before next cycle
[2026-06-18 22:02:43] Starting stress cycle 308
[2026-06-18 22:04:29] Latest diagnostics: C:\Users\Benno111\Documents\GitHub\OS-MASTER\diagnostics\iso-stress-20260618-220243
[2026-06-18 22:04:29] Stress cycle 308 completed successfully
[2026-06-18 22:04:29] Sleeping 5 seconds before next cycle
[2026-06-18 22:04:34] Starting stress cycle 309
[2026-06-18 22:06:21] Latest diagnostics: C:\Users\Benno111\Documents\GitHub\OS-MASTER\diagnostics\iso-stress-20260618-220435
[2026-06-18 22:06:21] Stress cycle 309 completed successfully
[2026-06-18 22:06:21] Sleeping 5 seconds before next cycle
[2026-06-18 22:06:26] Starting stress cycle 310
[2026-06-18 22:08:16] Latest diagnostics: C:\Users\Benno111\Documents\GitHub\OS-MASTER\diagnostics\iso-stress-20260618-220627
[2026-06-18 22:08:16] Stress cycle 310 completed successfully
[2026-06-18 22:08:16] Sleeping 5 seconds before next cycle
[2026-06-18 22:08:21] Starting stress cycle 311
[2026-06-18 22:10:15] Latest diagnostics: C:\Users\Benno111\Documents\GitHub\OS-MASTER\diagnostics\iso-stress-20260618-220822
[2026-06-18 22:10:15] Stress cycle 311 completed successfully
[2026-06-18 22:10:15] Sleeping 5 seconds before next cycle
[2026-06-18 22:10:20] Starting stress cycle 312
[2026-06-18 22:12:10] Latest diagnostics: C:\Users\Benno111\Documents\GitHub\OS-MASTER\diagnostics\iso-stress-20260618-221020
[2026-06-18 22:12:10] Stress cycle 312 completed successfully
[2026-06-18 22:12:10] Sleeping 5 seconds before next cycle
[2026-06-18 22:12:15] Starting stress cycle 313
[2026-06-18 22:14:06] Latest diagnostics: C:\Users\Benno111\Documents\GitHub\OS-MASTER\diagnostics\iso-stress-20260618-221216
[2026-06-18 22:14:06] Stress cycle 313 completed successfully
[2026-06-18 22:14:06] Sleeping 5 seconds before next cycle
[2026-06-18 22:14:11] Starting stress cycle 314
[2026-06-18 22:16:02] Latest diagnostics: C:\Users\Benno111\Documents\GitHub\OS-MASTER\diagnostics\iso-stress-20260618-221412
[2026-06-18 22:16:02] Stress cycle 314 completed successfully
[2026-06-18 22:16:02] Sleeping 5 seconds before next cycle
[2026-06-18 22:16:07] Starting stress cycle 315
[2026-06-18 22:17:53] Latest diagnostics: C:\Users\Benno111\Documents\GitHub\OS-MASTER\diagnostics\iso-stress-20260618-221608
[2026-06-18 22:17:53] Stress cycle 315 completed successfully
[2026-06-18 22:17:53] Sleeping 5 seconds before next cycle
[2026-06-18 22:17:58] Starting stress cycle 316
[2026-06-18 22:19:38] Latest diagnostics: C:\Users\Benno111\Documents\GitHub\OS-MASTER\diagnostics\iso-stress-20260618-221758
[2026-06-18 22:19:38] Stress cycle 316 completed successfully
[2026-06-18 22:19:38] Sleeping 5 seconds before next cycle
[2026-06-18 22:19:43] Starting stress cycle 317
[2026-06-18 22:21:22] Latest diagnostics: C:\Users\Benno111\Documents\GitHub\OS-MASTER\diagnostics\iso-stress-20260618-221943
[2026-06-18 22:21:22] Stress cycle 317 completed successfully
[2026-06-18 22:21:22] Sleeping 5 seconds before next cycle
[2026-06-18 22:21:27] Starting stress cycle 318
[2026-06-18 22:23:09] Latest diagnostics: C:\Users\Benno111\Documents\GitHub\OS-MASTER\diagnostics\iso-stress-20260618-222128
[2026-06-18 22:23:09] Stress cycle 318 completed successfully
[2026-06-18 22:23:09] Sleeping 5 seconds before next cycle
[2026-06-18 22:23:14] Starting stress cycle 319
[2026-06-18 22:24:56] Latest diagnostics: C:\Users\Benno111\Documents\GitHub\OS-MASTER\diagnostics\iso-stress-20260618-222314
[2026-06-18 22:24:56] Stress cycle 319 completed successfully
[2026-06-18 22:24:56] Sleeping 5 seconds before next cycle
[2026-06-18 22:25:01] Starting stress cycle 320
[2026-06-18 22:26:41] Latest diagnostics: C:\Users\Benno111\Documents\GitHub\OS-MASTER\diagnostics\iso-stress-20260618-222501
[2026-06-18 22:26:41] Stress cycle 320 completed successfully
[2026-06-18 22:26:41] Sleeping 5 seconds before next cycle
[2026-06-18 22:26:46] Starting stress cycle 321
[2026-06-18 22:28:28] Latest diagnostics: C:\Users\Benno111\Documents\GitHub\OS-MASTER\diagnostics\iso-stress-20260618-222647
[2026-06-18 22:28:28] Stress cycle 321 completed successfully
[2026-06-18 22:28:28] Sleeping 5 seconds before next cycle
[2026-06-18 22:28:33] Starting stress cycle 322
[2026-06-18 22:30:17] Latest diagnostics: C:\Users\Benno111\Documents\GitHub\OS-MASTER\diagnostics\iso-stress-20260618-222834
[2026-06-18 22:30:17] Stress cycle 322 completed successfully
[2026-06-18 22:30:17] Sleeping 5 seconds before next cycle
[2026-06-18 22:30:22] Starting stress cycle 323
[2026-06-18 22:32:04] Latest diagnostics: C:\Users\Benno111\Documents\GitHub\OS-MASTER\diagnostics\iso-stress-20260618-223022
[2026-06-18 22:32:04] Stress cycle 323 completed successfully
[2026-06-18 22:32:04] Sleeping 5 seconds before next cycle
[2026-06-18 22:32:09] Starting stress cycle 324
[2026-06-18 22:33:57] Latest diagnostics: C:\Users\Benno111\Documents\GitHub\OS-MASTER\diagnostics\iso-stress-20260618-223210
[2026-06-18 22:33:57] Stress cycle 324 completed successfully
[2026-06-18 22:33:57] Sleeping 5 seconds before next cycle
[2026-06-18 22:34:02] Starting stress cycle 325
[2026-06-18 22:35:45] Latest diagnostics: C:\Users\Benno111\Documents\GitHub\OS-MASTER\diagnostics\iso-stress-20260618-223402
[2026-06-18 22:35:45] Stress cycle 325 completed successfully
[2026-06-18 22:35:45] Sleeping 5 seconds before next cycle
[2026-06-18 22:35:50] Starting stress cycle 326
[2026-06-18 22:37:34] Latest diagnostics: C:\Users\Benno111\Documents\GitHub\OS-MASTER\diagnostics\iso-stress-20260618-223550
[2026-06-18 22:37:34] Stress cycle 326 completed successfully
[2026-06-18 22:37:34] Sleeping 5 seconds before next cycle
[2026-06-18 22:37:39] Starting stress cycle 327
[2026-06-18 22:39:21] Latest diagnostics: C:\Users\Benno111\Documents\GitHub\OS-MASTER\diagnostics\iso-stress-20260618-223739
[2026-06-18 22:39:21] Stress cycle 327 completed successfully
[2026-06-18 22:39:21] Sleeping 5 seconds before next cycle
[2026-06-18 22:39:26] Starting stress cycle 328
[2026-06-18 22:41:09] Latest diagnostics: C:\Users\Benno111\Documents\GitHub\OS-MASTER\diagnostics\iso-stress-20260618-223927
[2026-06-18 22:41:09] Stress cycle 328 completed successfully
[2026-06-18 22:41:09] Sleeping 5 seconds before next cycle
[2026-06-18 22:41:14] Starting stress cycle 329
[2026-06-18 22:48:04] Latest diagnostics: C:\Users\Benno111\Documents\GitHub\OS-MASTER\diagnostics\iso-stress-20260618-224115
[2026-06-18 22:48:04] Stress cycle 329 completed successfully
[2026-06-18 22:48:04] Sleeping 5 seconds before next cycle
[2026-06-18 22:48:09] Starting stress cycle 330
[2026-06-18 22:49:55] Latest diagnostics: C:\Users\Benno111\Documents\GitHub\OS-MASTER\diagnostics\iso-stress-20260618-224810
[2026-06-18 22:49:55] Stress cycle 330 completed successfully
[2026-06-18 22:49:55] Sleeping 5 seconds before next cycle
[2026-06-18 22:50:00] Starting stress cycle 331
[2026-06-18 22:51:48] Latest diagnostics: C:\Users\Benno111\Documents\GitHub\OS-MASTER\diagnostics\iso-stress-20260618-225001
[2026-06-18 22:51:48] Stress cycle 331 completed successfully
[2026-06-18 22:51:48] Sleeping 5 seconds before next cycle
[2026-06-18 22:51:53] Starting stress cycle 332
[2026-06-18 22:53:40] Latest diagnostics: C:\Users\Benno111\Documents\GitHub\OS-MASTER\diagnostics\iso-stress-20260618-225153
[2026-06-18 22:53:40] Stress cycle 332 completed successfully
[2026-06-18 22:53:40] Sleeping 5 seconds before next cycle
[2026-06-18 22:53:45] Starting stress cycle 333
[2026-06-18 22:55:32] Latest diagnostics: C:\Users\Benno111\Documents\GitHub\OS-MASTER\diagnostics\iso-stress-20260618-225345
[2026-06-18 22:55:32] Stress cycle 333 completed successfully
[2026-06-18 22:55:32] Sleeping 5 seconds before next cycle
[2026-06-18 22:55:37] Starting stress cycle 334
[2026-06-18 22:57:25] Latest diagnostics: C:\Users\Benno111\Documents\GitHub\OS-MASTER\diagnostics\iso-stress-20260618-225538
[2026-06-18 22:57:25] Stress cycle 334 completed successfully
[2026-06-18 22:57:25] Sleeping 5 seconds before next cycle
[2026-06-18 22:57:30] Starting stress cycle 335
[2026-06-18 22:59:16] Latest diagnostics: C:\Users\Benno111\Documents\GitHub\OS-MASTER\diagnostics\iso-stress-20260618-225730
[2026-06-18 22:59:16] Stress cycle 335 completed successfully
[2026-06-18 22:59:16] Sleeping 5 seconds before next cycle
[2026-06-18 22:59:21] Starting stress cycle 336
[2026-06-18 23:01:09] Latest diagnostics: C:\Users\Benno111\Documents\GitHub\OS-MASTER\diagnostics\iso-stress-20260618-225922
[2026-06-18 23:01:09] Stress cycle 336 completed successfully
[2026-06-18 23:01:09] Sleeping 5 seconds before next cycle
[2026-06-18 23:01:14] Starting stress cycle 337
[2026-06-18 23:03:03] Latest diagnostics: C:\Users\Benno111\Documents\GitHub\OS-MASTER\diagnostics\iso-stress-20260618-230114
[2026-06-18 23:03:03] Stress cycle 337 completed successfully
[2026-06-18 23:03:03] Sleeping 5 seconds before next cycle
[2026-06-18 23:03:08] Starting stress cycle 338
[2026-06-18 23:04:56] Latest diagnostics: C:\Users\Benno111\Documents\GitHub\OS-MASTER\diagnostics\iso-stress-20260618-230308
[2026-06-18 23:04:56] Stress cycle 338 completed successfully
[2026-06-18 23:04:56] Sleeping 5 seconds before next cycle
[2026-06-18 23:05:01] Starting stress cycle 339
[2026-06-18 23:06:47] Latest diagnostics: C:\Users\Benno111\Documents\GitHub\OS-MASTER\diagnostics\iso-stress-20260618-230501
[2026-06-18 23:06:47] Stress cycle 339 completed successfully
[2026-06-18 23:06:47] Sleeping 5 seconds before next cycle
[2026-06-18 23:06:52] Starting stress cycle 340
[2026-06-18 23:08:41] Latest diagnostics: C:\Users\Benno111\Documents\GitHub\OS-MASTER\diagnostics\iso-stress-20260618-230653
[2026-06-18 23:08:41] Stress cycle 340 completed successfully
[2026-06-18 23:08:41] Sleeping 5 seconds before next cycle
[2026-06-18 23:08:46] Starting stress cycle 341
[2026-06-18 23:10:33] Latest diagnostics: C:\Users\Benno111\Documents\GitHub\OS-MASTER\diagnostics\iso-stress-20260618-230847
[2026-06-18 23:10:33] Stress cycle 341 completed successfully
[2026-06-18 23:10:33] Sleeping 5 seconds before next cycle
[2026-06-18 23:10:38] Starting stress cycle 342
[2026-06-18 23:12:23] Latest diagnostics: C:\Users\Benno111\Documents\GitHub\OS-MASTER\diagnostics\iso-stress-20260618-231038
[2026-06-18 23:12:23] Stress cycle 342 completed successfully
[2026-06-18 23:12:23] Sleeping 5 seconds before next cycle
[2026-06-18 23:12:28] Starting stress cycle 343
[2026-06-18 23:14:14] Latest diagnostics: C:\Users\Benno111\Documents\GitHub\OS-MASTER\diagnostics\iso-stress-20260618-231228
[2026-06-18 23:14:14] Stress cycle 343 completed successfully
[2026-06-18 23:14:14] Sleeping 5 seconds before next cycle
[2026-06-18 23:14:19] Starting stress cycle 344
[2026-06-18 23:16:05] Latest diagnostics: C:\Users\Benno111\Documents\GitHub\OS-MASTER\diagnostics\iso-stress-20260618-231419
[2026-06-18 23:16:05] Stress cycle 344 completed successfully
[2026-06-18 23:16:05] Sleeping 5 seconds before next cycle
[2026-06-18 23:16:10] Starting stress cycle 345
[2026-06-18 23:18:00] Latest diagnostics: C:\Users\Benno111\Documents\GitHub\OS-MASTER\diagnostics\iso-stress-20260618-231611
[2026-06-18 23:18:00] Stress cycle 345 completed successfully
[2026-06-18 23:18:00] Sleeping 5 seconds before next cycle
[2026-06-18 23:18:05] Starting stress cycle 346
[2026-06-18 23:19:51] Latest diagnostics: C:\Users\Benno111\Documents\GitHub\OS-MASTER\diagnostics\iso-stress-20260618-231806
[2026-06-18 23:19:51] Stress cycle 346 completed successfully
[2026-06-18 23:19:51] Sleeping 5 seconds before next cycle
[2026-06-18 23:19:56] Starting stress cycle 347
[2026-06-18 23:21:43] Latest diagnostics: C:\Users\Benno111\Documents\GitHub\OS-MASTER\diagnostics\iso-stress-20260618-231956
[2026-06-18 23:21:43] Stress cycle 347 completed successfully
[2026-06-18 23:21:43] Sleeping 5 seconds before next cycle
[2026-06-18 23:21:48] Starting stress cycle 348
[2026-06-18 23:23:32] Latest diagnostics: C:\Users\Benno111\Documents\GitHub\OS-MASTER\diagnostics\iso-stress-20260618-232148
[2026-06-18 23:23:32] Stress cycle 348 completed successfully
[2026-06-18 23:23:32] Sleeping 5 seconds before next cycle
[2026-06-18 23:23:37] Starting stress cycle 349
[2026-06-18 23:25:24] Latest diagnostics: C:\Users\Benno111\Documents\GitHub\OS-MASTER\diagnostics\iso-stress-20260618-232338
[2026-06-18 23:25:24] Stress cycle 349 completed successfully
[2026-06-18 23:25:24] Sleeping 5 seconds before next cycle
[2026-06-18 23:25:29] Starting stress cycle 350
[2026-06-18 23:27:17] Latest diagnostics: C:\Users\Benno111\Documents\GitHub\OS-MASTER\diagnostics\iso-stress-20260618-232530
[2026-06-18 23:27:17] Stress cycle 350 completed successfully
[2026-06-18 23:27:17] Sleeping 5 seconds before next cycle
[2026-06-18 23:27:22] Starting stress cycle 351
[2026-06-18 23:29:08] Latest diagnostics: C:\Users\Benno111\Documents\GitHub\OS-MASTER\diagnostics\iso-stress-20260618-232722
[2026-06-18 23:29:08] Stress cycle 351 completed successfully
[2026-06-18 23:29:08] Sleeping 5 seconds before next cycle
[2026-06-18 23:29:13] Starting stress cycle 352
[2026-06-18 23:30:59] Latest diagnostics: C:\Users\Benno111\Documents\GitHub\OS-MASTER\diagnostics\iso-stress-20260618-232914
[2026-06-18 23:30:59] Stress cycle 352 completed successfully
[2026-06-18 23:30:59] Sleeping 5 seconds before next cycle
[2026-06-18 23:31:04] Starting stress cycle 353
[2026-06-18 23:32:50] Latest diagnostics: C:\Users\Benno111\Documents\GitHub\OS-MASTER\diagnostics\iso-stress-20260618-233104
[2026-06-18 23:32:50] Stress cycle 353 completed successfully
[2026-06-18 23:32:50] Sleeping 5 seconds before next cycle
[2026-06-18 23:32:55] Starting stress cycle 354
[2026-06-18 23:34:39] Latest diagnostics: C:\Users\Benno111\Documents\GitHub\OS-MASTER\diagnostics\iso-stress-20260618-233255
[2026-06-18 23:34:39] Stress cycle 354 completed successfully
[2026-06-18 23:34:39] Sleeping 5 seconds before next cycle
[2026-06-18 23:34:44] Starting stress cycle 355
[2026-06-18 23:36:30] Latest diagnostics: C:\Users\Benno111\Documents\GitHub\OS-MASTER\diagnostics\iso-stress-20260618-233445
[2026-06-18 23:36:30] Stress cycle 355 completed successfully
[2026-06-18 23:36:30] Sleeping 5 seconds before next cycle
[2026-06-18 23:36:35] Starting stress cycle 356
[2026-06-18 23:38:24] Latest diagnostics: C:\Users\Benno111\Documents\GitHub\OS-MASTER\diagnostics\iso-stress-20260618-233635
[2026-06-18 23:38:24] Stress cycle 356 completed successfully
[2026-06-18 23:38:24] Sleeping 5 seconds before next cycle
[2026-06-18 23:38:29] Starting stress cycle 357
[2026-06-18 23:40:18] Latest diagnostics: C:\Users\Benno111\Documents\GitHub\OS-MASTER\diagnostics\iso-stress-20260618-233829
[2026-06-18 23:40:18] Stress cycle 357 completed successfully
[2026-06-18 23:40:18] Sleeping 5 seconds before next cycle
[2026-06-18 23:40:23] Starting stress cycle 358
[2026-06-18 23:42:11] Latest diagnostics: C:\Users\Benno111\Documents\GitHub\OS-MASTER\diagnostics\iso-stress-20260618-234023
[2026-06-18 23:42:11] Stress cycle 358 completed successfully
[2026-06-18 23:42:11] Sleeping 5 seconds before next cycle
[2026-06-18 23:42:16] Starting stress cycle 359
[2026-06-18 23:44:06] Latest diagnostics: C:\Users\Benno111\Documents\GitHub\OS-MASTER\diagnostics\iso-stress-20260618-234217
[2026-06-18 23:44:06] Stress cycle 359 completed successfully
[2026-06-18 23:44:06] Sleeping 5 seconds before next cycle
[2026-06-18 23:44:11] Starting stress cycle 360
[2026-06-18 23:46:00] Latest diagnostics: C:\Users\Benno111\Documents\GitHub\OS-MASTER\diagnostics\iso-stress-20260618-234412
[2026-06-18 23:46:00] Stress cycle 360 completed successfully
[2026-06-18 23:46:00] Sleeping 5 seconds before next cycle
[2026-06-18 23:46:05] Starting stress cycle 361
[2026-06-18 23:47:55] Latest diagnostics: C:\Users\Benno111\Documents\GitHub\OS-MASTER\diagnostics\iso-stress-20260618-234605
[2026-06-18 23:47:55] Stress cycle 361 completed successfully
[2026-06-18 23:47:55] Sleeping 5 seconds before next cycle
[2026-06-18 23:48:00] Starting stress cycle 362
[2026-06-18 23:49:49] Latest diagnostics: C:\Users\Benno111\Documents\GitHub\OS-MASTER\diagnostics\iso-stress-20260618-234800
[2026-06-18 23:49:49] Stress cycle 362 completed successfully
[2026-06-18 23:49:49] Sleeping 5 seconds before next cycle
[2026-06-18 23:49:54] Starting stress cycle 363
[2026-06-18 23:51:45] Latest diagnostics: C:\Users\Benno111\Documents\GitHub\OS-MASTER\diagnostics\iso-stress-20260618-234955
[2026-06-18 23:51:45] Stress cycle 363 completed successfully
[2026-06-18 23:51:45] Sleeping 5 seconds before next cycle
[2026-06-18 23:51:50] Starting stress cycle 364
[2026-06-18 23:53:39] Latest diagnostics: C:\Users\Benno111\Documents\GitHub\OS-MASTER\diagnostics\iso-stress-20260618-235150
[2026-06-18 23:53:39] Stress cycle 364 completed successfully
[2026-06-18 23:53:39] Sleeping 5 seconds before next cycle
[2026-06-18 23:53:44] Starting stress cycle 365
[2026-06-18 23:55:22] Latest diagnostics: C:\Users\Benno111\Documents\GitHub\OS-MASTER\diagnostics\iso-stress-20260618-235344
[2026-06-18 23:55:22] Stress cycle 365 completed successfully
[2026-06-18 23:55:22] Sleeping 5 seconds before next cycle
[2026-06-18 23:55:27] Starting stress cycle 366
[2026-06-18 23:57:02] Latest diagnostics: C:\Users\Benno111\Documents\GitHub\OS-MASTER\diagnostics\iso-stress-20260618-235527
[2026-06-18 23:57:02] Stress cycle 366 completed successfully
[2026-06-18 23:57:02] Sleeping 5 seconds before next cycle
[2026-06-18 23:57:07] Starting stress cycle 367
[2026-06-18 23:58:42] Latest diagnostics: C:\Users\Benno111\Documents\GitHub\OS-MASTER\diagnostics\iso-stress-20260618-235707
[2026-06-18 23:58:42] Stress cycle 367 completed successfully
[2026-06-18 23:58:42] Sleeping 5 seconds before next cycle
[2026-06-18 23:58:47] Starting stress cycle 368
[2026-06-19 00:00:36] Latest diagnostics: C:\Users\Benno111\Documents\GitHub\OS-MASTER\diagnostics\iso-stress-20260618-235848
[2026-06-19 00:00:36] Stress cycle 368 completed successfully
[2026-06-19 00:00:36] Sleeping 5 seconds before next cycle
[2026-06-19 00:00:41] Starting stress cycle 369
[2026-06-19 00:02:29] Latest diagnostics: C:\Users\Benno111\Documents\GitHub\OS-MASTER\diagnostics\iso-stress-20260619-000041
[2026-06-19 00:02:29] Stress cycle 369 completed successfully
[2026-06-19 00:02:29] Sleeping 5 seconds before next cycle
[2026-06-19 00:02:34] Starting stress cycle 370
[2026-06-19 00:04:24] Latest diagnostics: C:\Users\Benno111\Documents\GitHub\OS-MASTER\diagnostics\iso-stress-20260619-000234
[2026-06-19 00:04:24] Stress cycle 370 completed successfully
[2026-06-19 00:04:24] Sleeping 5 seconds before next cycle
[2026-06-19 00:04:29] Starting stress cycle 371
[2026-06-19 00:06:15] Latest diagnostics: C:\Users\Benno111\Documents\GitHub\OS-MASTER\diagnostics\iso-stress-20260619-000430
[2026-06-19 00:06:15] Stress cycle 371 completed successfully
[2026-06-19 00:06:15] Sleeping 5 seconds before next cycle
[2026-06-19 00:06:20] Starting stress cycle 372
[2026-06-19 00:08:06] Latest diagnostics: C:\Users\Benno111\Documents\GitHub\OS-MASTER\diagnostics\iso-stress-20260619-000621
[2026-06-19 00:08:06] Stress cycle 372 completed successfully
[2026-06-19 00:08:06] Sleeping 5 seconds before next cycle
[2026-06-19 00:08:11] Starting stress cycle 373
[2026-06-19 00:09:57] Latest diagnostics: C:\Users\Benno111\Documents\GitHub\OS-MASTER\diagnostics\iso-stress-20260619-000811
[2026-06-19 00:09:57] Stress cycle 373 completed successfully
[2026-06-19 00:09:57] Sleeping 5 seconds before next cycle
[2026-06-19 00:10:02] Starting stress cycle 374
[2026-06-19 00:11:48] Latest diagnostics: C:\Users\Benno111\Documents\GitHub\OS-MASTER\diagnostics\iso-stress-20260619-001002
[2026-06-19 00:11:48] Stress cycle 374 completed successfully
[2026-06-19 00:11:48] Sleeping 5 seconds before next cycle
[2026-06-19 00:11:53] Starting stress cycle 375
[2026-06-19 00:13:39] Latest diagnostics: C:\Users\Benno111\Documents\GitHub\OS-MASTER\diagnostics\iso-stress-20260619-001154
[2026-06-19 00:13:39] Stress cycle 375 completed successfully
[2026-06-19 00:13:39] Sleeping 5 seconds before next cycle
[2026-06-19 00:13:44] Starting stress cycle 376
[2026-06-19 00:15:30] Latest diagnostics: C:\Users\Benno111\Documents\GitHub\OS-MASTER\diagnostics\iso-stress-20260619-001344
[2026-06-19 00:15:30] Stress cycle 376 completed successfully
[2026-06-19 00:15:30] Sleeping 5 seconds before next cycle
[2026-06-19 00:15:35] Starting stress cycle 377
[2026-06-19 00:17:21] Latest diagnostics: C:\Users\Benno111\Documents\GitHub\OS-MASTER\diagnostics\iso-stress-20260619-001536
[2026-06-19 00:17:21] Stress cycle 377 completed successfully
[2026-06-19 00:17:21] Sleeping 5 seconds before next cycle
[2026-06-19 00:17:26] Starting stress cycle 378
[2026-06-19 00:19:13] Latest diagnostics: C:\Users\Benno111\Documents\GitHub\OS-MASTER\diagnostics\iso-stress-20260619-001727
[2026-06-19 00:19:13] Stress cycle 378 completed successfully
[2026-06-19 00:19:13] Sleeping 5 seconds before next cycle
[2026-06-19 00:19:18] Starting stress cycle 379
[2026-06-19 00:21:05] Latest diagnostics: C:\Users\Benno111\Documents\GitHub\OS-MASTER\diagnostics\iso-stress-20260619-001918
[2026-06-19 00:21:05] Stress cycle 379 completed successfully
[2026-06-19 00:21:05] Sleeping 5 seconds before next cycle
[2026-06-19 00:21:10] Starting stress cycle 380
[2026-06-19 00:22:56] Latest diagnostics: C:\Users\Benno111\Documents\GitHub\OS-MASTER\diagnostics\iso-stress-20260619-002111
[2026-06-19 00:22:56] Stress cycle 380 completed successfully
[2026-06-19 00:22:56] Sleeping 5 seconds before next cycle
[2026-06-19 00:23:01] Starting stress cycle 381
[2026-06-19 00:24:49] Latest diagnostics: C:\Users\Benno111\Documents\GitHub\OS-MASTER\diagnostics\iso-stress-20260619-002302
[2026-06-19 00:24:49] Stress cycle 381 completed successfully
[2026-06-19 00:24:49] Sleeping 5 seconds before next cycle
[2026-06-19 00:24:54] Starting stress cycle 382
[2026-06-19 00:26:41] Latest diagnostics: C:\Users\Benno111\Documents\GitHub\OS-MASTER\diagnostics\iso-stress-20260619-002455
[2026-06-19 00:26:41] Stress cycle 382 completed successfully
[2026-06-19 00:26:41] Sleeping 5 seconds before next cycle
[2026-06-19 00:26:46] Starting stress cycle 383
[2026-06-19 00:28:34] Latest diagnostics: C:\Users\Benno111\Documents\GitHub\OS-MASTER\diagnostics\iso-stress-20260619-002647
[2026-06-19 00:28:34] Stress cycle 383 completed successfully
[2026-06-19 00:28:34] Sleeping 5 seconds before next cycle
[2026-06-19 00:28:39] Starting stress cycle 384
[2026-06-19 00:30:26] Latest diagnostics: C:\Users\Benno111\Documents\GitHub\OS-MASTER\diagnostics\iso-stress-20260619-002840
[2026-06-19 00:30:26] Stress cycle 384 completed successfully
[2026-06-19 00:30:26] Sleeping 5 seconds before next cycle
[2026-06-19 00:30:31] Starting stress cycle 385
[2026-06-19 00:32:17] Latest diagnostics: C:\Users\Benno111\Documents\GitHub\OS-MASTER\diagnostics\iso-stress-20260619-003031
[2026-06-19 00:32:17] Stress cycle 385 completed successfully
[2026-06-19 00:32:17] Sleeping 5 seconds before next cycle
[2026-06-19 00:32:22] Starting stress cycle 386
[2026-06-19 00:34:09] Latest diagnostics: C:\Users\Benno111\Documents\GitHub\OS-MASTER\diagnostics\iso-stress-20260619-003223
[2026-06-19 00:34:09] Stress cycle 386 completed successfully
[2026-06-19 00:34:09] Sleeping 5 seconds before next cycle
[2026-06-19 00:34:14] Starting stress cycle 387
[2026-06-19 00:36:02] Latest diagnostics: C:\Users\Benno111\Documents\GitHub\OS-MASTER\diagnostics\iso-stress-20260619-003415
[2026-06-19 00:36:02] Stress cycle 387 completed successfully
[2026-06-19 00:36:02] Sleeping 5 seconds before next cycle
[2026-06-19 00:36:07] Starting stress cycle 388
[2026-06-19 00:38:12] Latest diagnostics: C:\Users\Benno111\Documents\GitHub\OS-MASTER\diagnostics\iso-stress-20260619-003608
[2026-06-19 00:38:12] Stress cycle 388 completed successfully
[2026-06-19 00:38:12] Sleeping 5 seconds before next cycle
[2026-06-19 00:38:17] Starting stress cycle 389
[2026-06-19 00:40:21] Latest diagnostics: C:\Users\Benno111\Documents\GitHub\OS-MASTER\diagnostics\iso-stress-20260619-003817
[2026-06-19 00:40:21] Stress cycle 389 completed successfully
[2026-06-19 00:40:21] Sleeping 5 seconds before next cycle
[2026-06-19 00:40:26] Starting stress cycle 390
[2026-06-19 00:42:30] Latest diagnostics: C:\Users\Benno111\Documents\GitHub\OS-MASTER\diagnostics\iso-stress-20260619-004026
[2026-06-19 00:42:30] Stress cycle 390 completed successfully
[2026-06-19 00:42:30] Sleeping 5 seconds before next cycle
[2026-06-19 00:42:35] Starting stress cycle 391
[2026-06-19 00:44:39] Latest diagnostics: C:\Users\Benno111\Documents\GitHub\OS-MASTER\diagnostics\iso-stress-20260619-004236
[2026-06-19 00:44:39] Stress cycle 391 completed successfully
[2026-06-19 00:44:39] Sleeping 5 seconds before next cycle
[2026-06-19 00:44:44] Starting stress cycle 392
[2026-06-19 00:46:46] Latest diagnostics: C:\Users\Benno111\Documents\GitHub\OS-MASTER\diagnostics\iso-stress-20260619-004444
[2026-06-19 00:46:46] Stress cycle 392 completed successfully
[2026-06-19 00:46:46] Sleeping 5 seconds before next cycle
[2026-06-19 00:46:51] Starting stress cycle 393
[2026-06-19 00:48:55] Latest diagnostics: C:\Users\Benno111\Documents\GitHub\OS-MASTER\diagnostics\iso-stress-20260619-004652
[2026-06-19 00:48:55] Stress cycle 393 completed successfully
[2026-06-19 00:48:55] Sleeping 5 seconds before next cycle
[2026-06-19 00:49:00] Starting stress cycle 394
[2026-06-19 00:51:03] Latest diagnostics: C:\Users\Benno111\Documents\GitHub\OS-MASTER\diagnostics\iso-stress-20260619-004900
[2026-06-19 00:51:03] Stress cycle 394 completed successfully
[2026-06-19 00:51:03] Sleeping 5 seconds before next cycle
[2026-06-19 00:51:08] Starting stress cycle 395
[2026-06-19 00:53:11] Latest diagnostics: C:\Users\Benno111\Documents\GitHub\OS-MASTER\diagnostics\iso-stress-20260619-005109
[2026-06-19 00:53:11] Stress cycle 395 completed successfully
[2026-06-19 00:53:11] Sleeping 5 seconds before next cycle
[2026-06-19 00:53:16] Starting stress cycle 396
[2026-06-19 00:55:21] Latest diagnostics: C:\Users\Benno111\Documents\GitHub\OS-MASTER\diagnostics\iso-stress-20260619-005317
[2026-06-19 00:55:21] Stress cycle 396 completed successfully
[2026-06-19 00:55:21] Sleeping 5 seconds before next cycle
[2026-06-19 00:55:26] Starting stress cycle 397
[2026-06-19 00:57:29] Latest diagnostics: C:\Users\Benno111\Documents\GitHub\OS-MASTER\diagnostics\iso-stress-20260619-005526
[2026-06-19 00:57:30] Stress cycle 397 completed successfully
[2026-06-19 00:57:30] Sleeping 5 seconds before next cycle
[2026-06-19 00:57:35] Starting stress cycle 398
[2026-06-19 00:59:37] Latest diagnostics: C:\Users\Benno111\Documents\GitHub\OS-MASTER\diagnostics\iso-stress-20260619-005735
[2026-06-19 00:59:37] Stress cycle 398 completed successfully
[2026-06-19 00:59:37] Sleeping 5 seconds before next cycle
[2026-06-19 00:59:42] Starting stress cycle 399
[2026-06-19 01:01:46] Latest diagnostics: C:\Users\Benno111\Documents\GitHub\OS-MASTER\diagnostics\iso-stress-20260619-005943
[2026-06-19 01:01:46] Stress cycle 399 completed successfully
[2026-06-19 01:01:46] Sleeping 5 seconds before next cycle
[2026-06-19 01:01:51] Starting stress cycle 400
[2026-06-19 01:03:55] Latest diagnostics: C:\Users\Benno111\Documents\GitHub\OS-MASTER\diagnostics\iso-stress-20260619-010151
[2026-06-19 01:03:55] Stress cycle 400 completed successfully
[2026-06-19 01:03:55] Sleeping 5 seconds before next cycle
[2026-06-19 01:04:00] Starting stress cycle 401
[2026-06-19 01:06:04] Latest diagnostics: C:\Users\Benno111\Documents\GitHub\OS-MASTER\diagnostics\iso-stress-20260619-010400
[2026-06-19 01:06:04] Stress cycle 401 completed successfully
[2026-06-19 01:06:04] Sleeping 5 seconds before next cycle
[2026-06-19 01:06:09] Starting stress cycle 402
[2026-06-19 01:08:13] Latest diagnostics: C:\Users\Benno111\Documents\GitHub\OS-MASTER\diagnostics\iso-stress-20260619-010610
[2026-06-19 01:08:13] Stress cycle 402 completed successfully
[2026-06-19 01:08:13] Sleeping 5 seconds before next cycle
[2026-06-19 01:08:18] Starting stress cycle 403
[2026-06-19 01:10:23] Latest diagnostics: C:\Users\Benno111\Documents\GitHub\OS-MASTER\diagnostics\iso-stress-20260619-010819
[2026-06-19 01:10:23] Stress cycle 403 completed successfully
[2026-06-19 01:10:23] Sleeping 5 seconds before next cycle
[2026-06-19 01:10:28] Starting stress cycle 404
[2026-06-19 01:12:32] Latest diagnostics: C:\Users\Benno111\Documents\GitHub\OS-MASTER\diagnostics\iso-stress-20260619-011028
[2026-06-19 01:12:32] Stress cycle 404 completed successfully
[2026-06-19 01:12:32] Sleeping 5 seconds before next cycle
[2026-06-19 01:12:37] Starting stress cycle 405
[2026-06-19 01:14:40] Latest diagnostics: C:\Users\Benno111\Documents\GitHub\OS-MASTER\diagnostics\iso-stress-20260619-011238
[2026-06-19 01:14:40] Stress cycle 405 completed successfully
[2026-06-19 01:14:40] Sleeping 5 seconds before next cycle
[2026-06-19 01:14:45] Starting stress cycle 406
[2026-06-19 01:16:49] Latest diagnostics: C:\Users\Benno111\Documents\GitHub\OS-MASTER\diagnostics\iso-stress-20260619-011446
[2026-06-19 01:16:49] Stress cycle 406 completed successfully
[2026-06-19 01:16:49] Sleeping 5 seconds before next cycle
[2026-06-19 01:16:54] Starting stress cycle 407
[2026-06-19 01:18:58] Latest diagnostics: C:\Users\Benno111\Documents\GitHub\OS-MASTER\diagnostics\iso-stress-20260619-011654
[2026-06-19 01:18:58] Stress cycle 407 completed successfully
[2026-06-19 01:18:58] Sleeping 5 seconds before next cycle
[2026-06-19 01:19:03] Starting stress cycle 408
[2026-06-19 01:21:06] Latest diagnostics: C:\Users\Benno111\Documents\GitHub\OS-MASTER\diagnostics\iso-stress-20260619-011903
[2026-06-19 01:21:06] Stress cycle 408 completed successfully
[2026-06-19 01:21:06] Sleeping 5 seconds before next cycle
[2026-06-19 01:21:11] Starting stress cycle 409
[2026-06-19 01:23:15] Latest diagnostics: C:\Users\Benno111\Documents\GitHub\OS-MASTER\diagnostics\iso-stress-20260619-012112
[2026-06-19 01:23:15] Stress cycle 409 completed successfully
[2026-06-19 01:23:15] Sleeping 5 seconds before next cycle
[2026-06-19 01:23:20] Starting stress cycle 410
[2026-06-19 01:25:24] Latest diagnostics: C:\Users\Benno111\Documents\GitHub\OS-MASTER\diagnostics\iso-stress-20260619-012320
[2026-06-19 01:25:24] Stress cycle 410 completed successfully
[2026-06-19 01:25:24] Sleeping 5 seconds before next cycle
[2026-06-19 01:25:29] Starting stress cycle 411
[2026-06-19 01:27:32] Latest diagnostics: C:\Users\Benno111\Documents\GitHub\OS-MASTER\diagnostics\iso-stress-20260619-012530
[2026-06-19 01:27:32] Stress cycle 411 completed successfully
[2026-06-19 01:27:32] Sleeping 5 seconds before next cycle
[2026-06-19 01:27:38] Starting stress cycle 412
